id,title,list_placement,author_id,author,pages,date,series,avg_rating,ratings,list_score,list_votes
2767052,The Hunger Games,1,153394,Suzanne Collins,374,2008,True,4.33,6384123,2995995,30538
2,Harry Potter and the Order of the Phoenix,2,1077326,J.K. Rowling,870,2003,True,4.5,2511624,2633491,26937
2657,To Kill a Mockingbird,3,1825,Harper Lee,324,1960,True,4.28,4507269,2271275,23347
1885,Pride and Prejudice,4,1265,Jane Austen,279,1813,False,4.26,3002965,1985084,20473
41865,Twilight,5,941441,Stephenie Meyer,501,2005,True,3.6,4970612,1459846,14878
19063,The Book Thief,6,11466,Markus Zusak,552,2005,False,4.37,1836924,1373779,14178
170448,Animal Farm,7,3706,George Orwell,141,1945,False,3.95,2744901,1277876,13277
11127,The Chronicles of Narnia,8,1069006,C.S. Lewis,767,1956,True,4.26,518497,1239045,12954
30,J.R.R. Tolkien 4-Book Boxed Set: The Hobbit and The Lord of the Rings,9,656983,J.R.R. Tolkien,1728,1955,True,4.6,110323,1161179,12126
11870085,The Fault in Our Stars,10,1406384,John Green,313,2012,False,4.2,3555752,1088041,11297
18405,Gone with the Wind,11,11081,Margaret Mitchell,1037,1936,False,4.3,1075674,1087959,11213
386162,The Hitchhiker's Guide to the Galaxy,12,4,Douglas Adams,193,1979,True,4.22,1438513,1063895,10999
370493,The Giving Tree,13,435477,Shel Silverstein,64,1964,False,4.37,906870,1021739,10596
6185,Wuthering Heights,14,4191,Emily Brontë,464,1847,False,3.86,1344606,982086,10281
968,The Da Vinci Code,15,630,Dan Brown,489,2003,True,3.86,1935780,877025,9235
929,Memoirs of a Geisha,16,614,Arthur Golden,503,1997,False,4.12,1718844,863141,8997
5297,The Picture of Dorian Gray,17,3565,Oscar Wilde,272,1890,False,4.08,967907,862775,9106
24213,Alice's Adventures in Wonderland / Through the Looking-Glass,18,8164,Lewis Carroll,239,1871,True,4.06,458959,834167,8816
10210,Jane Eyre,19,1036615,Charlotte Brontë,532,1847,False,4.13,1626706,827554,8748
24280,Les Misérables,20,13661,Victor Hugo,1463,1862,False,4.18,683476,812992,8547
13079982,Fahrenheit 451,21,1630,Ray Bradbury,194,1953,False,3.99,1682747,794639,8546
13335037,Divergent,22,4039811,Veronica Roth,487,2011,True,4.19,2910347,793957,8346
7624,Lord of the Flies,23,306,William Golding,182,1954,False,3.69,2265615,774049,8235
18135,Romeo and Juliet,24,947,William Shakespeare,301,1595,False,3.75,2057080,772062,8286
18144590,The Alchemist,25,566,Paulo Coelho,182,1988,False,3.88,2111539,766164,8014
7144,Crime and Punishment,26,3137322,Fyodor Dostoyevsky,671,1866,False,4.22,627845,759359,7940
22628,The Perks of Being a Wallflower,27,12898,Stephen Chbosky,213,1999,False,4.2,1251621,758900,7984
4671,The Great Gatsby,28,3190,F. Scott Fitzgerald,200,1925,False,3.92,3780204,756031,8152
256683,City of Bones,29,150038,Cassandra Clare,485,2007,True,4.1,1619480,722033,7604
375802,Ender's Game,30,589,Orson Scott Card,324,1985,True,4.3,1132681,721132,7520
4667024,The Help,31,1943477,Kathryn Stockett,451,2009,False,4.47,2167168,718558,7696
8127,Anne of Green Gables,32,5350,L.M. Montgomery,320,1908,True,4.26,728761,695641,7342
3,Harry Potter and the Sorcerer's Stone,33,1077326,J.K. Rowling,309,1997,True,4.47,7060621,692791,7362
157993,The Little Prince,34,1020792,Antoine de Saint-Exupéry,93,1943,False,4.31,1366009,692412,7408
24178,Charlotte's Web,35,988142,E.B. White,184,1952,False,4.17,1419182,681519,7362
890,Of Mice and Men,36,585,John Steinbeck,103,1937,False,3.88,1944264,668005,7219
18619684,The Time Traveler's Wife,37,498072,Audrey Niffenegger,500,2003,False,3.97,1575292,666454,6970
17245,Dracula,38,6988,Bram Stoker,488,1897,True,4.0,940450,647332,6995
5129,Brave New World,39,3487,Aldous Huxley,288,1932,False,3.99,1443138,636967,6843
320,One Hundred Years of Solitude,40,13450,Gabriel García Márquez,417,1967,False,4.08,754742,621633,6547
5107,The Catcher in the Rye,41,819789,J.D. Salinger,277,1951,False,3.81,2739229,603737,6538
21787,The Princess Bride,42,12521,William Goldman,456,1973,False,4.26,780372,601865,6416
28187,The Lightning Thief,43,15872,Rick Riordan,375,2005,True,4.26,1995549,598405,6384
2998,The Secret Garden,44,2041,Frances Hodgson Burnett,331,1910,False,4.13,892639,585912,6447
128029,A Thousand Splendid Suns,45,569,Khaled Hosseini,372,2007,False,4.38,1153016,580848,6165
33574273,A Wrinkle in Time,46,106,Madeleine L&#39;Engle,218,1962,True,4.0,1052434,563275,6019
13496,A Game of Thrones,47,346732,George R.R. Martin,835,1996,True,4.45,2005546,563009,6015
2956,The Adventures of Huckleberry Finn,48,1244,Mark Twain,327,1884,True,3.82,1152490,517110,5694
12232938,The Lovely Bones,49,316,Alice Sebold,372,2002,False,3.82,2016126,510284,5513
231804,The Outsiders,50,762707,S.E. Hinton,192,1967,False,4.1,939368,509728,5516
19543,Where the Wild Things Are,51,4489,Maurice Sendak,37,1963,False,4.22,817874,502941,5481
23772,Green Eggs and Ham,52,61105,Dr. Seuss,62,1960,False,4.3,617562,497698,5477
1381,The Odyssey,53,903,Homer,541,700,False,3.77,862346,494824,5441
4214,Life of Pi,54,811,Yann Martel,460,2001,False,3.91,1340585,490953,5312
1953,A Tale of Two Cities,55,239579,Charles Dickens,489,1859,False,3.85,810716,489183,5368
43641,Water for Elephants,56,24556,Sara Gruen,335,2006,False,4.09,1380993,474137,5108
7604,Lolita,57,5152,Vladimir Nabokov,331,1955,False,3.89,663794,461968,4977
4981,Slaughterhouse-Five,58,2778055,Kurt Vonnegut Jr.,275,1969,False,4.08,1130464,449235,4863
35031085,Frankenstein: The 1818 Text,59,11139,Mary Wollstonecraft Shelley,288,1818,False,3.81,1164899,438987,4917
77203,The Kite Runner,60,569,Khaled Hosseini,371,2003,False,4.3,2428237,438053,4782
38447,The Handmaid's Tale,61,3472,Margaret Atwood,314,1985,True,4.11,1461993,423550,4654
3636,The Giver,62,2493,Lois Lowry,208,1993,True,4.13,1787584,418890,4573
168668,Catch-22,63,3167,Joseph Heller,453,1961,True,3.98,723809,408332,4455
44767458,Dune,64,58,Frank Herbert,661,1965,True,4.23,768547,407419,4400
5043,The Pillars of the Earth,65,3447,Ken Follett,976,1989,True,4.31,649889,392453,4223
149267,The Stand,66,3389,Stephen King,1153,1978,False,4.34,617013,392082,4244
3590,The Adventures of Sherlock Holmes,67,2448,Arthur Conan Doyle,389,1892,True,4.3,243522,376310,4220
76620,Watership Down,68,7717,Richard  Adams,478,1972,True,4.06,434202,371187,4058
2623,Great Expectations,69,239579,Charles Dickens,505,1861,False,3.78,652278,367608,4227
1934,Little Women,70,1315,Louisa May Alcott,449,1868,True,4.09,1683588,355588,4071
136251,Harry Potter and the Deathly Hallows,71,1077326,J.K. Rowling,759,2007,True,4.62,2815406,352603,3848
6514,The Bell Jar,72,4379,Sylvia Plath,294,1963,False,4.01,592117,351706,3862
332613,One Flew Over the Cuckoo's Nest,73,7285,Ken Kesey,325,1962,False,4.19,631595,350968,3976
15823480,Anna Karenina,74,128382,Leo Tolstoy,964,1877,False,4.05,682792,348541,3819
10964,Outlander,75,3617,Diana Gabaldon,850,1991,True,4.23,825463,342221,3663
10917,My Sister's Keeper,76,7128,Jodi Picoult,423,2004,False,4.08,1057526,340938,3753
39988,Matilda,77,4273,Roald Dahl,240,1988,False,4.32,649002,340917,3800
3263607,The Fellowship of the Ring,78,656983,J.R.R. Tolkien,527,1954,True,4.36,2358217,339521,3823
2429135,The Girl with the Dragon Tattoo,79,706255,Stieg Larsson,465,2005,True,4.14,2610643,338674,3783
17899948,Rebecca,80,2001717,Daphne du Maurier,449,1938,False,4.23,452366,332723,3738
40961427,1984,81,3706,George Orwell,237,1949,False,4.19,3145837,325816,3559
52892857,The Color Purple,82,7380,Alice Walker,304,1982,True,4.22,522004,319577,3633
14891,A Tree Grows in Brooklyn,83,2327917,Betty  Smith,496,1943,False,4.27,388872,309778,3410
41817486,A Clockwork Orange,84,5735,Anthony Burgess,240,1962,False,3.99,601643,303128,3415
6288,The Road,85,4178,Cormac McCarthy,241,2006,False,3.97,717050,300755,3299
4934,The Brothers Karamazov,86,3137322,Fyodor Dostoyevsky,796,1879,True,4.32,243634,300090,3317
252577,Angela's Ashes,87,3347,Frank McCourt,452,1996,True,4.11,540216,290485,3242
345627,Vampire Academy,88,137902,Richelle Mead,332,2007,True,4.12,549712,277803,2986
52036,Siddhartha,89,1113469,Hermann Hesse,152,1922,False,4.03,583616,273206,3049
7244,The Poisonwood Bible,90,3541,Barbara Kingsolver,546,1998,False,4.06,659273,271161,2977
119322,The Golden Compass,91,3618,Philip Pullman,399,1995,True,3.99,1285676,257818,2887
3836,Don Quixote,92,4037220,Miguel de Cervantes Saavedra,1023,1605,False,3.88,210002,254015,2895
662,Atlas Shrugged,93,432,Ayn Rand,1168,1957,False,3.69,354064,248484,2730
5,Harry Potter and the Prisoner of Azkaban,94,1077326,J.K. Rowling,435,1999,True,4.57,2811681,248193,2776
2165,The Old Man and the Sea,95,1455,Ernest Hemingway,96,1952,False,3.78,832429,235628,2730
33648131,The Notebook,96,2345,Nicholas Sparks,227,1996,True,4.11,1332560,228544,2581
99107,Winnie-the-Pooh,97,81466,A.A. Milne,145,1926,True,4.34,270699,219411,2585
23919,The Complete Stories and Poems,98,4624490,Edgar Allan Poe,821,1849,False,4.38,220438,218396,2534
43763,Interview with the Vampire,99,7577,Anne Rice,342,1976,True,4.0,485321,208415,2388
4473,A Prayer for Owen Meany,100,3075,John Irving,637,1989,False,4.23,286148,207334,2281
153747,"Moby-Dick or, the Whale",101,1624,Herman Melville,654,1851,False,3.51,479399,202669,2346
4989,The Red Tent,102,626222,Anita Diamant,324,1997,False,4.18,520759,181001,2025
37435,The Secret Life of Bees,103,4711,Sue Monk Kidd,302,2001,False,4.06,1117606,179134,2051
6,Harry Potter and the Goblet of Fire,104,1077326,J.K. Rowling,734,2000,True,4.56,2598786,178933,2049
7171637,Clockwork Angel,105,150038,Cassandra Clare,481,2010,True,4.32,667473,174721,1924
1,Harry Potter and the Half-Blood Prince,106,1077326,J.K. Rowling,652,2005,True,4.57,2441364,162898,1890
16299,And Then There Were None,107,123715,Agatha Christie,264,1939,False,4.26,824374,161580,1877
2187,Middlesex,108,1467,Jeffrey Eugenides,529,2002,False,4.01,581604,156902,1752
49552,The Stranger,109,957894,Albert Camus,123,1942,False,3.98,707518,156026,1791
117833,The Master and Margarita,110,3873,Mikhail Bulgakov,335,1967,False,4.29,243169,151649,1656
186074,The Name of the Wind,111,108424,Patrick Rothfuss,662,2007,True,4.53,717266,151410,1606
11588,The Shining,112,3389,Stephen King,659,1977,True,4.23,1128833,150214,1769
24583,The Adventures of Tom Sawyer,113,1244,Mark Twain,244,1876,True,3.91,759093,147006,1806
113436,Eragon,114,8349,Christopher Paolini,503,2002,True,3.9,1438737,145002,1656
6310,Charlie and the Chocolate Factory,115,4273,Roald Dahl,176,1964,True,4.14,665659,143701,1718
36576608,Flowers for Algernon,116,11072,Daniel Keyes,216,1959,False,4.14,478952,142450,1657
70401,On the Road,117,1742,Jack Kerouac,307,1957,True,3.62,349264,140738,1595
485894,The Metamorphosis,118,5223,Franz Kafka,201,1915,False,3.82,644482,140151,1650
99561,Looking for Alaska,119,1406384,John Green,221,2005,False,4.02,1114576,139938,1534
1232,The Shadow of the Wind,120,815,Carlos Ruiz Zafón,487,2001,True,4.27,463313,139091,1538
1618,The Curious Incident of the Dog in the Night-Time,121,1050,Mark Haddon,226,2003,False,3.88,1192926,138457,1594
4948,The Very Hungry Caterpillar,122,3362,Eric Carle,26,1969,False,4.3,396619,137241,1601
6900,Tuesdays with Morrie,123,2331,Mitch Albom,210,1997,False,4.11,783300,135685,1553
9717,The Unbearable Lightness of Being,124,6343,Milan Kundera,320,1984,False,4.1,342201,135422,1520
119073,The Name of the Rose,125,1730,Umberto Eco,536,1980,False,4.12,301606,132506,1537
10365,Where the Red Fern Grows,126,6810,Wilson Rawls,272,1961,False,4.08,342509,131268,1528
15881,Harry Potter and the Chamber of Secrets,127,1077326,J.K. Rowling,341,1998,True,4.43,2730682,130760,1568
22034,The Godfather,128,12605,Mario Puzo,448,1969,True,4.36,335278,128488,1519
12296,The Scarlet Letter,129,7799,Nathaniel Hawthorne,279,1850,False,3.41,706972,128261,1597
168642,In Cold Blood,130,431149,Truman Capote,343,1965,False,4.07,530128,125917,1494
36236124,Fight Club,131,2546,Chuck Palahniuk,218,1996,False,4.19,499357,125348,1445
3431,The Five People You Meet in Heaven,132,2331,Mitch Albom,196,2003,True,3.94,578657,125029,1441
6339664,"Hush, Hush",133,2876763,Becca Fitzpatrick,391,2009,True,3.96,574332,124749,1379
233093,The Cat in the Hat,134,61105,Dr. Seuss,61,1957,True,4.17,428579,120396,1483
7126,The Count of Monte Cristo,135,4785,Alexandre Dumas,1276,1844,False,4.25,747326,120027,1382
30165203,American Gods,136,1221698,Neil Gaiman,635,2001,True,4.11,759570,119896,1358
343,Perfume: The Story of a Murderer,137,39402,Patrick Süskind,263,1985,False,4.02,329018,119757,1363
256008,Lonesome Dove,138,1055,Larry McMurtry,960,1985,True,4.48,149414,119713,1343
38709,Holes,139,6569,Louis Sachar,233,1998,True,3.97,970610,118972,1423
100915,"The Lion, the Witch and the Wardrobe",140,1069006,C.S. Lewis,206,1950,True,4.22,2130461,118406,1476
472331,Watchmen,141,3961,Alan Moore,416,1987,True,4.36,487574,116722,1322
4556058,The Last Olympian,142,15872,Rick Riordan,381,2009,True,4.51,669339,116594,1341
830502,It,143,3389,Stephen King,1116,1986,False,4.24,803914,116436,1353
114345,The Little House Collection,144,5300,Laura Ingalls Wilder,2700,1971,True,4.34,141574,115088,1361
6656,The Divine Comedy,145,5031312,Dante Alighieri,798,1320,True,4.05,119757,114552,1359
34268,Peter Pan,146,5255014,J.M. Barrie,176,1911,False,4.05,277453,113782,1410
355697,All Quiet on the Western Front,147,4116,Erich Maria Remarque,296,1929,True,3.98,355568,113211,1327
5907,"The Hobbit, or There and Back Again",148,656983,J.R.R. Tolkien,366,1937,True,4.27,2900069,107557,1286
1423,The Compleat Works of Wllm Shkspr (abridged),149,4390174,Reduced Shakespeare Company,137,1994,False,4.44,8442,107374,1233
9712,Love in the Time of Cholera,150,13450,Gabriel García Márquez,348,1985,False,3.92,412732,106643,1268
2802316,Shadow Kiss,151,137902,Richelle Mead,443,2008,True,4.35,325801,105205,1170
11735983,Insurgent,152,4039811,Veronica Roth,525,2012,True,4.02,1169569,105028,1195
3412,The Thorn Birds,153,4917067,Colleen McCullough,692,1977,False,4.23,314837,104397,1264
35545737,A Walk to Remember,154,2345,Nicholas Sparks,215,1999,False,4.18,673779,104191,1217
113946,How the Grinch Stole Christmas!,155,61105,Dr. Seuss,64,1957,False,4.36,330623,98302,1267
13,The Ultimate Hitchhiker's Guide to the Galaxy,156,4,Douglas Adams,815,1996,True,4.36,287269,97867,1151
19501,"Eat, Pray, Love",157,11679,Elizabeth Gilbert,368,2006,False,3.57,1476483,97307,1126
6867,Atonement,158,2408,Ian McEwan,351,2001,False,3.91,439865,97241,1163
92303,The Importance of Being Earnest,159,3565,Oscar Wilde,76,1895,False,4.18,302401,97145,1208
37415,Their Eyes Were Watching God,160,15151,Zora Neale Hurston,219,1937,False,3.94,265926,96136,1111
7190,The Three Musketeers,161,4785,Alexandre Dumas,625,1844,True,4.07,273993,95549,1198
236093,The Wonderful Wizard of Oz,161,3242,L. Frank Baum,154,1900,True,3.98,370202,95549,1248
2282133,Frostbite,163,137902,Richelle Mead,327,2008,True,4.27,309918,94718,1076
32929,Goodnight Moon,164,18479,Margaret Wise Brown,32,1947,True,4.28,305883,94057,1168
7784,The Lorax,165,61105,Dr. Seuss,72,1971,False,4.34,283752,92433,1130
12067,"Good Omens: The Nice and Accurate Prophecies of Agnes Nutter, Witch",166,1654,Terry Pratchett,491,1990,False,4.24,544291,92419,1056
5996153,Blood Promise,167,137902,Richelle Mead,503,2009,True,4.32,276564,89997,1026
32261,Tess of the D'Urbervilles,168,15905,Thomas Hardy,518,1891,False,3.8,238426,89231,1093
1078,The Good Earth,169,704,Pearl S. Buck,418,1931,True,3.99,223393,88598,1078
4900,Heart of Darkness,170,3345,Joseph Conrad,188,1899,False,3.43,415294,88520,1093
2120932,The Battle of the Labyrinth,171,15872,Rick Riordan,361,2008,True,4.39,742470,87630,1036
1622,A Midsummer Night's Dream,172,947,William Shakespeare,240,1595,False,3.95,442649,87403,1151
18335634,Clockwork Princess,173,150038,Cassandra Clare,567,2013,True,4.57,338105,87152,975
2547,The Prophet,174,6466154,Kahlil Gibran,127,1923,False,4.22,235304,86813,1046
40605251,The Mists of Avalon,175,4841825,Marion Zimmer Bradley,1009,1982,True,4.11,192076,84996,1009
561456,The Titan's Curse,176,15872,Rick Riordan,320,2007,True,4.35,687554,84575,1018
28186,The Sea of Monsters,177,15872,Rick Riordan,279,2006,True,4.24,750091,84193,1013
7763,The Joy Luck Club,178,5246,Amy Tan,288,1989,False,3.93,598313,82631,1037
13023,Alice in Wonderland,179,34933,Jane Carruth,92,1865,False,4.02,377039,82199,1071
1852,The Call of the Wild,180,1240,Jack London,172,1903,False,3.87,341647,81519,1060
71728,Jonathan Livingston Seagull,181,16904,Richard Bach,112,1970,False,3.84,202599,81318,993
2175,Madame Bovary,182,1461,Gustave Flaubert,329,1857,False,3.68,254228,80572,1009
378,The Phantom Tollbooth,183,214,Norton Juster,256,1961,False,4.2,242649,80122,941
40940121,Bridge to Terabithia,184,1949,Katherine Paterson,190,1977,False,4.01,445592,79772,1008
7938275,The Hunger Games Trilogy Boxset,185,153394,Suzanne Collins,1155,2008,True,4.48,188046,79330,936
191139,"Oh, the Places You'll Go!",186,61105,Dr. Seuss,44,1990,False,4.35,328881,79045,1006
5060378,The Girl Who Played with Fire,187,706255,Stieg Larsson,503,2006,True,4.24,810028,78765,980
6186357,The Maze Runner,188,348878,James Dashner,384,2009,True,4.03,1058019,78704,905
18254,Oliver Twist,189,239579,Charles Dickens,608,1839,False,3.87,319612,77725,1055
27712,The Neverending Story,190,15619,Michael Ende,396,1979,False,4.16,166271,77699,944
338798,Ulysses,191,5144,James Joyce,783,1922,False,3.73,111050,77635,924
295,Treasure Island,192,854076,Robert Louis Stevenson,311,1879,False,3.83,402586,77179,1042
10818853,Fifty Shades of Grey,193,4725841,E.L. James,356,2011,True,3.66,1949234,75911,857
40611463,The Clan of the Cave Bear,194,861,Jean M. Auel,516,1980,True,4.06,229433,75266,925
62291,A Storm of Swords,195,346732,George R.R. Martin,1177,2000,True,4.53,666731,74078,857
2696,The Canterbury Tales,196,1838,Geoffrey Chaucer,521,1400,False,3.5,188788,73812,984
10799,A Farewell to Arms,197,1455,Ernest Hemingway,293,1929,False,3.81,263478,72954,936
7069,The World According to Garp,198,3075,John Irving,610,1978,False,4.09,204781,72939,904
58696,David Copperfield,199,239579,Charles Dickens,882,1850,False,4.0,199261,72681,956
6350972,Tote Mädchen lügen nicht,200,569269,Jay Asher,288,2007,False,3.92,773422,71281,817
37442,Wicked: The Life and Times of the Wicked Witch of the West,201,7025,Gregory Maguire,406,1995,True,3.54,573862,70159,848
402093,Shōgun,202,6417,James Clavell,1152,1975,True,4.39,147020,68575,839
4588,Extremely Loud &amp; Incredibly Close,203,2617,Jonathan Safran Foer,326,2005,False,3.97,380319,68087,780
853510,Murder on the Orient Express,204,123715,Agatha Christie,347,1934,True,4.17,382029,68059,884
18116,His Dark Materials,205,3618,Philip Pullman,1088,2000,True,4.25,143832,67430,787
37470,The Other Boleyn Girl,206,9987,Philippa Gregory,661,2001,True,4.07,455968,67337,826
3008,A Little Princess,207,2041,Frances Hodgson Burnett,242,1905,False,4.2,271903,67318,856
375013,Schindler's List,208,6900,Thomas Keneally,429,1982,False,4.34,144449,67105,884
39999,The Boy in the Striped Pajamas,209,7195,John Boyne,240,2006,False,4.15,519102,66847,829
40604658,Jurassic Park,210,5194,Michael Crichton,466,1990,True,4.04,803362,65924,825
9361589,The Night Circus,211,4370565,Erin Morgenstern,391,2011,False,4.03,686021,65923,747
6487308,Fallen,212,2905297,Lauren Kate,452,2009,True,3.73,494859,65636,760
6527740,Last Sacrifice,213,137902,Richelle Mead,594,2010,True,4.39,255225,65455,768
7332,The Silmarillion,214,656983,J.R.R. Tolkien,386,1977,True,3.93,219727,64365,776
514811,The Secret Magdalene,215,286014,Ki Longfellow,448,2005,False,4.07,4263,63985,657
6149,Beloved,216,3534,Toni Morrison,324,1987,False,3.87,325846,63964,795
10507293,The Selection,217,2987125,Kiera Cass,336,2012,True,4.13,894853,63230,718
17690,The Trial,218,5223,Franz Kafka,255,1925,False,3.96,234981,63048,775
310612,A Confederacy of Dunces,219,3049,John Kennedy Toole,394,1980,False,3.89,231222,63046,727
3876,The Sun Also Rises,220,1455,Ernest Hemingway,189,1926,False,3.82,366143,63039,801
144974,The Velveteen Rabbit,221,83846,Margery Williams Bianco,40,1922,False,4.29,221742,62439,837
6148028,Catching Fire,222,153394,Suzanne Collins,391,2009,True,4.29,2517830,62104,761
7736182,The Lost Hero,223,15872,Rick Riordan,553,2010,True,4.33,625365,61853,748
7896527,Throne of Glass,224,3433047,Sarah J. Maas,406,2012,True,4.2,598201,61521,687
6479259,Spirit Bound,225,137902,Richelle Mead,489,2010,True,4.35,260391,61043,723
10025305,Clockwork Prince,226,150038,Cassandra Clare,498,2011,True,4.44,442602,60677,717
1375,The Iliad/The Odyssey,227,903,Homer,1556,800,False,4.04,62827,59891,793
17250,The Crucible,228,8120,Arthur  Miller,143,1953,False,3.59,323609,59737,795
135479,Cat's Cradle,229,2778055,Kurt Vonnegut Jr.,179,1963,False,4.16,339106,59087,720
9777,The God of Small Things,230,6134,Arundhati Roy,340,1997,False,3.94,244587,58460,689
5659,The Wind in the Willows,231,3843,Kenneth Grahame,197,1908,False,3.98,179675,57971,775
8130077,The Screwtape Letters,232,1069006,C.S. Lewis,228,1942,False,4.22,332455,57848,713
2865,Girl with a Pearl Earring,233,1973,Tracy Chevalier,233,1999,False,3.89,627405,57743,752
561909,The Hiding Place: The Triumphant True Story of Corrie Ten Boom,234,102203,Corrie ten Boom,242,1971,False,4.42,257726,57543,687
30118,A Light in the Attic,235,435477,Shel Silverstein,176,1981,False,4.34,374525,57026,757
6068551,Shiver,236,1330292,Maggie Stiefvater,392,2009,True,3.77,431481,56736,659
23807,The Silence of the Lambs,237,12455,Thomas  Harris,421,1988,True,4.2,464094,56705,734
24770,Uglies,238,13957,Scott Westerfeld,425,2005,True,3.86,560674,56436,671
6752378,City of Fallen Angels,239,150038,Cassandra Clare,425,2011,True,4.12,481797,56434,703
4069,Man's Search for Meaning,240,2782,Viktor E. Frankl,165,1946,False,4.36,402245,56368,658
5203,She's Come Undone,241,3505,Wally Lamb,465,1992,False,3.88,316409,55867,676
480204,The Phantom of the Opera,242,9057,Gaston Leroux,360,1909,False,3.96,199083,54690,705
12691,Marley and Me: Life and Love With the World's Worst Dog,243,8002,John Grogan,291,2005,False,4.13,440905,54671,686
24337,Ella Enchanted,244,13677,Gail Carson Levine,232,1997,True,3.98,387214,54609,680
11275,The Wind-Up Bird Chronicle,245,3354,Haruki Murakami,607,1994,True,4.16,218529,54379,610
36381037,Cinder,246,4684322,Marissa Meyer,400,2012,True,4.14,683804,53846,622
11566,The Green Mile,247,3389,Stephen King,592,1996,True,4.45,249107,53135,683
10572,A Clash of Kings,248,346732,George R.R. Martin,969,1998,True,4.41,789077,53045,653
40495148,Blindness,249,1285555,José Saramago,349,1995,True,4.13,201055,52960,612
10975,The Sound and the Fury,250,3535,William Faulkner,366,1929,False,3.86,158522,52790,661
40874325,The Shack,251,15481463,William Paul Young,294,2007,False,3.78,539083,52267,622
30183,Marked,252,17015,P.C. Cast,306,2007,True,3.8,430645,51987,613
39832183,The Guernsey Literary and Potato Peel Pie Society,253,1194527,Mary Ann Shaffer,291,2008,False,4.17,611438,51311,627
7745,Fear and Loathing in Las Vegas,254,5237,Hunter S. Thompson,204,1971,False,4.08,299185,51295,620
46170,For Whom the Bell Tolls,255,1455,Ernest Hemingway,471,1940,False,3.97,249294,51234,699
9328,The House of the Spirits,256,2238,Isabel Allende,448,1982,True,4.24,190213,50916,640
24812,The Complete Calvin and Hobbes,257,13778,Bill Watterson,1456,2005,True,4.82,34921,50709,632
546018,Roots: The Saga of an American Family,258,17434,Alex Haley,729,1976,False,4.43,146347,50100,658
10614,Misery,259,3389,Stephen King,370,1987,False,4.17,499413,50005,652
6294,Howl's Moving Castle,260,4260,Diana Wynne Jones,329,1986,True,4.26,216421,49956,597
350,Stranger in a Strange Land,261,205,Robert A. Heinlein,525,1961,False,3.92,275653,49644,618
41044096,Island of the Blue Dolphins,262,4999,Scott O&#39;Dell,194,1960,True,3.84,291998,49491,638
4502877,Midnight Sun [2008 Draft],263,941441,Stephenie Meyer,264,2008,False,4.02,146436,48719,572
29044,The Secret History,264,8719,Donna Tartt,559,1992,False,4.09,316487,48530,560
6892870,The Girl Who Kicked the Hornet's Nest,265,706255,Stieg Larsson,566,2007,True,4.22,646216,48400,621
32234,White Oleander,266,3540,Janet Fitch,446,1999,False,3.97,321857,48197,600
48855,The Diary of a Young Girl,267,3720,Anne Frank,283,1947,False,4.15,2745447,48172,622
11614718,Delirium,268,2936493,Lauren Oliver,441,2011,True,3.97,417041,47759,548
11505797,Beautiful Disaster,269,4464118,Jamie McGuire,319,2011,True,4.09,547397,47680,537
12996,Othello,270,947,William Shakespeare,314,1603,False,3.9,315470,47570,684
6801755,Flow Down Like Silver: Hypatia of Alexandria,271,286014,Ki Longfellow,301,2009,False,4.39,2393,47531,491
6442769,Paper Towns,272,1406384,John Green,305,2008,False,3.8,920796,47461,558
43814,The Vampire Lestat,273,7577,Anne Rice,481,1985,True,4.07,176924,47171,604
39280444,Speak,274,10003,Laurie Halse Anderson,224,1999,False,4.02,485100,47165,581
12505,The Idiot,275,3137322,Fyodor Dostoyevsky,667,1869,False,4.18,132809,47126,601
12938,King Lear,276,947,William Shakespeare,338,1605,False,3.91,180903,46840,643
43545,The Once and Future King,277,426944,T.H. White,639,1958,True,4.05,100535,46527,578
227711,I Know This Much Is True,278,3505,Wally Lamb,897,1998,False,4.19,289660,46411,554
14497,Neverwhere,279,1221698,Neil Gaiman,370,1996,True,4.17,430304,46183,566
1845,Into the Wild,280,1235,Jon Krakauer,207,1996,False,3.99,879984,46018,583
28194,Inkheart,281,15873,Cornelia Funke,563,2003,True,3.88,369996,45825,580
46787,Uncle Tom's Cabin,282,26242,Harriet Beecher Stowe,438,1851,False,3.87,198064,45654,636
28881,"Lamb: The Gospel According to Biff, Christ's Childhood Pal",283,16218,Christopher Moore,444,2002,False,4.24,151259,45600,510
30236962,The Historian,284,5918,Elizabeth Kostova,704,2005,False,3.79,242772,44785,542
188572,The Complete Sherlock Holmes,285,2448,Arthur Conan Doyle,1796,1927,True,4.48,174568,44539,580
19380,Candide,286,5754446,Voltaire,129,1759,False,3.77,219772,44189,582
6689,James and the Giant Peach,287,4273,Roald Dahl,146,1961,False,4.02,379257,44080,619
16981,Invisible Man,288,7508,Ralph Ellison,581,1952,False,3.88,156858,43994,556
19288043,Gone Girl,289,2383,Gillian Flynn,415,2012,False,4.08,2332368,43808,534
2184798,Blood River: A Journey to Africa's Broken Heart,290,534082,Tim Butcher,363,2007,False,4.06,7612,43724,441
32085,All Creatures Great and Small,291,18062,James Herriot,437,1972,True,4.32,114739,43633,579
15997,Paradise Lost,292,9876,John Milton,453,1667,False,3.81,137130,43555,589
27494,Leaves of Grass,293,1438,Walt Whitman,624,1892,False,4.12,89901,43537,591
3236307,Graceling,294,1373880,Kristin Cashore,471,2008,True,4.07,385331,43348,513
569564,The Complete Works,295,947,William Shakespeare,1248,1623,False,4.5,50181,42988,559
40440,The Thirteenth Tale,296,22665,Diane Setterfield,406,2006,False,3.97,272574,42961,522
11297,Norwegian Wood,297,3354,Haruki Murakami,296,1987,True,4.03,348042,42887,494
29579,Foundation,298,16667,Isaac Asimov,244,1951,True,4.17,410294,42851,525
133518,The Things They Carried,299,2330,Tim O&#39;Brien,246,1990,False,4.13,253296,42780,523
4687,The Cider House Rules,300,3075,John Irving,973,1985,False,4.13,161365,42690,573
2493,The Time Machine,301,880695,H.G. Wells,118,1895,False,3.89,413531,42650,595
39662,Different Seasons,302,3389,Stephen King,560,1982,False,4.34,177014,42522,573
4929,Kafka on the Shore,303,3354,Haruki Murakami,467,2002,True,4.13,306352,41829,475
93,Heidi,304,49,Johanna Spyri,352,1880,True,3.99,172643,41699,582
37732,"Are You There God? It's Me, Margaret",305,12942,Judy Blume,149,1970,False,3.9,189490,41526,555
8755776,City of Lost Souls,306,150038,Cassandra Clare,546,2012,True,4.27,424829,41154,513
10959,Sophie's World,307,1388082,Jostein Gaarder,403,1991,False,3.93,200609,41017,497
16902,Walden,308,10264,Henry David Thoreau,352,1854,False,3.78,158139,40603,543
1215032,The Wise Man's Fear,309,108424,Patrick Rothfuss,994,2011,True,4.56,428576,40195,443
40937505,زندگی مه آلود پریا,310,18235662,سید مرتضی مصطفوی,204,2015,False,3.92,948,39342,396
58345,The Awakening,311,5132,Kate Chopin,195,1899,False,3.65,170751,39307,501
16068905,Fangirl,312,4208569,Rainbow Rowell,483,2013,False,4.05,575873,39173,450
228560,Sophie's Choice,313,7565,William Styron,562,1979,False,4.18,81760,38844,528
16735,The Prince of Tides,314,6942,Pat Conroy,679,1986,False,4.23,193994,38129,502
6334,Never Let Me Go,315,4280,Kazuo Ishiguro,288,2005,False,3.82,472476,38106,467
9520360,The Son of Neptune,316,15872,Rick Riordan,513,2011,True,4.43,413615,37699,476
301082,Dead Until Dark,317,17061,Charlaine Harris,292,2001,True,3.96,496296,37299,470
9375,Fried Green Tomatoes at the Whistle Stop Cafe,318,6125,Fannie Flagg,416,1987,True,4.28,266053,37166,518
11857408,Fifty Shades Darker,319,4725841,E.L. James,532,2011,True,3.84,745900,37096,439
9969571,Ready Player One,320,31712,Ernest Cline,374,2011,True,4.26,862390,36900,411
19089,Middlemarch,321,173,George Eliot,904,1871,False,3.97,135771,36618,457
44186,The Monster at the End of this Book,322,24824,Jon Stone,32,1971,True,4.44,120047,36511,451
17927395,A Court of Mist and Fury,323,3433047,Sarah J. Maas,626,2016,True,4.62,334488,36424,393
37781,Things Fall Apart,324,8051,Chinua Achebe,209,1958,True,3.68,288397,36188,467
227443,Bridget Jones's Diary,325,3090,Helen Fielding,288,1996,True,3.78,881905,36092,497
14942,Mrs. Dalloway,326,6765,Virginia Woolf,194,1925,False,3.79,223776,35980,477
7260188,Mockingjay,327,153394,Suzanne Collins,390,2010,True,4.04,2351652,35966,464
5113,Franny and Zooey,328,819789,J.D. Salinger,201,1955,False,3.98,185672,35744,457
122,The Power of One,329,63,Bryce Courtenay,544,1989,True,4.33,79386,35295,404
65605,The Magician's Nephew,330,1069006,C.S. Lewis,221,1955,True,4.04,411172,35192,488
16793,Stardust,331,1221698,Neil Gaiman,248,1997,False,4.08,359171,35091,452
32542,A Time to Kill,332,721,John Grisham,515,1989,True,4.08,704393,35059,473
43615,The Gunslinger,333,3389,Stephen King,231,1982,True,3.95,515537,34913,430
47281,Number the Stars,334,2493,Lois Lowry,137,1989,False,4.15,448988,34665,456
36402034,Do Androids Dream of Electric Sheep?,335,4764,Philip K. Dick,258,1968,True,4.08,346212,34468,445
18710190,Allegiant,336,4039811,Veronica Roth,526,2013,True,3.62,827969,34417,422
15745753,Eleanor &amp; Park,337,4208569,Rainbow Rowell,328,2012,False,4.05,861358,34316,400
21,A Short History of Nearly Everything,338,7,Bill Bryson,544,2003,False,4.2,298811,34290,413
33,The Lord of the Rings,339,656983,J.R.R. Tolkien,1216,1955,True,4.5,565611,34208,410
17347634,Me Before You,340,281810,Jojo Moyes,369,2012,True,4.26,1150886,34172,397
12127750,The Mark of Athena,341,15872,Rick Riordan,586,2012,True,4.45,441285,34163,422
3153910,The Art of Racing in the Rain,342,194531,Garth Stein,321,2008,False,4.21,452310,34060,404
9275658,Legend,343,4342215,Marie Lu,305,2011,True,4.17,411628,34057,391
7235533,The Way of Kings,344,38550,Brandon Sanderson,1007,2010,True,4.63,303940,34012,359
4374400,If I Stay,345,295178,Gayle Forman,201,2009,True,3.94,712962,33968,407
3685,Black Beauty,346,2530,Anna Sewell,245,1877,False,3.96,239243,33920,489
8921,The Hound of the Baskervilles,347,2448,Arthur Conan Doyle,256,1901,True,4.12,254594,33810,470
7588,A Portrait of the Artist as a Young Man,348,5144,James Joyce,329,1916,False,3.62,128113,33763,443
7733,Gulliver's Travels,349,1831,Jonathan Swift,306,1726,False,3.57,232198,33672,516
5826,Bel Canto,350,7136914,Ann Patchett,318,2001,False,3.93,239814,33500,405
28676,American Psycho,351,2751,Bret Easton Ellis,399,1991,False,3.82,242434,33463,402
5805,V for Vendetta,352,3961,Alan Moore,296,1990,True,4.25,264652,33219,433
310259,Love You Forever,353,6039100,Robert Munsch,32,1986,False,4.36,202627,33186,421
6327,The Witches,354,4273,Roald Dahl,208,1983,False,4.17,314637,33065,443
646462,القرآن الكريم,355,5158478,Anonymous,604,650,False,4.35,57505,32967,372
2213661,The Graveyard Book,356,1221698,Neil Gaiman,307,2008,False,4.13,438644,32962,422
14905,The Complete Novels,357,1265,Jane Austen,1344,1813,False,4.56,29755,32890,442
13536860,Fifty Shades Freed,358,4725841,E.L. James,579,2012,True,3.85,714548,32774,390
10920,Cold Mountain,359,7130,Charles Frazier,356,1997,False,3.86,221661,32650,443
43035,White Fang,360,1240,Jack London,252,1906,False,3.98,153862,32467,463
11387515,Wonder,361,4859212,R.J. Palacio,315,2012,True,4.44,735159,32281,376
52357,Beowulf,362,4699102,Unknown,245,900,False,3.45,239184,31884,459
68428,The Final Empire,363,38550,Brandon Sanderson,544,2006,True,4.45,402900,31853,351
84981,Tuck Everlasting,364,1954,Natalie Babbitt,148,1975,False,3.87,232598,31793,434
6304335,Beautiful Creatures,365,2895706,Kami Garcia,563,2009,True,3.76,539944,31680,391
16631,Steppenwolf,366,1113469,Hermann Hesse,256,1927,False,4.13,135957,31588,399
42899,Dark Lover,367,20248,J.R. Ward,393,2005,True,4.19,289549,31428,368
45978,Eldest,368,8349,Christopher Paolini,704,2005,True,3.99,355715,31381,404
46799,Go Ask Alice,369,69007,Beatrice Sparks,213,1971,False,3.76,234818,31333,421
30528535,انتحار فاشل,370,15342319,أحمد جمال الدين رمضان,175,2016,False,4.51,2286,31144,319
228665,The Eye of the World,371,6252,Robert Jordan,814,1990,True,4.17,392381,31020,364
391729,The Tell-Tale Heart and Other Writings,372,4624490,Edgar Allan Poe,448,1843,False,4.17,221819,31016,453
77013,As I Lay Dying,373,3535,William Faulkner,288,1930,False,3.72,136951,30850,414
15195,The Complete Maus,374,5117,Art Spiegelman,296,1980,True,4.55,137968,30702,398
5148,A Separate Peace,375,3496,John Knowles,208,1959,False,3.58,190965,30697,419
45032,Mansfield Park,376,1265,Jane Austen,488,1814,False,3.86,284581,30080,426
3985,The Amazing Adventures of Kavalier &amp; Clay,377,2715,Michael Chabon,639,2000,False,4.18,184196,29943,368
2248573,Brisingr,378,8349,Christopher Paolini,748,2008,True,4.05,299648,29834,389
30528544,العصبي,379,15342319,أحمد جمال الدين رمضان,165,2016,False,4.52,1968,29689,305
60748,A Child Called &quot;It&quot;,380,1881,Dave Pelzer,184,1995,True,4.11,379231,29539,384
22232,Stargirl,381,12696,Jerry Spinelli,186,2001,True,3.76,296616,29529,356
67896,Tao Te Ching,382,2622245,Lao Tzu,160,600,False,4.28,117399,29378,375
12578077,Obsidian,383,4476934,Jennifer L. Armentrout,335,2011,True,4.18,226152,29088,328
14836,Midnight's Children,384,3299,Salman Rushdie,647,1981,False,3.98,104625,29078,353
5526,Dear John,385,2345,Nicholas Sparks,276,2006,False,4.03,540081,29023,368
11590,'Salem's Lot,386,3389,Stephen King,483,1975,False,4.03,334772,28986,393
76778,The Martian Chronicles,387,1630,Ray Bradbury,182,1949,False,4.14,210558,28966,388
4406,East of Eden,388,585,John Steinbeck,601,1952,False,4.37,429392,28961,346
7791997,Crescendo,389,2876763,Becca Fitzpatrick,432,2010,True,4.04,274977,28887,357
11713,The English Patient,390,4030,Michael Ondaatje,320,1992,False,3.88,113568,28855,394
49628,Cloud Atlas,391,6538289,David Mitchell,509,2004,False,4.01,216609,28850,347
629,Zen and the Art of Motorcycle Maintenance: An Inquiry Into Values,392,401,Robert M. Pirsig,540,1974,True,3.77,200813,28737,364
18007564,The Martian,393,6540057,Andy Weir,384,2012,True,4.4,818749,28704,336
5358,The Firm,394,721,John Grisham,76,1991,False,4.02,564829,28613,419
6400090,The Last Song,395,2345,Nicholas Sparks,390,2008,False,4.15,505036,28609,350
17150,My Ántonia,396,881203,Willa Cather,232,1918,True,3.8,120056,28526,388
18122,The Amber Spyglass,397,3618,Philip Pullman,467,2000,True,4.09,298744,28439,363
10429045,Shatter Me,398,4637539,Tahereh Mafi,338,2011,True,3.95,291452,28347,327
30597,The Hunchback of Notre-Dame,399,13661,Victor Hugo,510,1831,False,3.99,171624,28283,407
130440,Doctor Zhivago,400,7902,Boris Pasternak,592,1957,False,4.01,82603,28261,422
2932,Robinson Crusoe,401,2007,Daniel Defoe,320,1719,True,3.68,248058,28064,420
15645,Inferno,402,5031312,Dante Alighieri,490,1307,True,4.0,143193,27932,380
6952,Like Water for Chocolate,403,4694,Laura Esquivel,222,1989,True,3.95,324664,27863,395
251688,Breakfast at Tiffany's and Three Stories,404,431149,Truman Capote,142,1958,False,3.88,211637,27600,387
23437156,Six of Crows,405,4575289,Leigh Bardugo,465,2015,True,4.43,317579,27266,300
31685789,Room,406,23613,Emma Donoghue,321,2010,False,4.06,715192,27254,336
5364,Dragonfly in Amber,407,3617,Diana Gabaldon,963,1992,True,4.32,287652,27247,342
4980,Breakfast of Champions,408,2778055,Kurt Vonnegut Jr.,303,1973,False,4.07,223038,27035,340
6319,The BFG,409,4273,Roald Dahl,199,1982,False,4.22,373815,27029,366
862041,Harry Potter Series Box Set,410,1077326,J.K. Rowling,4100,2007,True,4.73,252101,26616,322
22463,The Origin of Species,410,12793,Charles Darwin,703,1859,False,3.98,99516,26616,365
8490112,Daughter of Smoke &amp; Bone,412,324620,Laini Taylor,418,2011,True,4.01,311397,26196,308
51496,The Strange Case of Dr. Jekyll and Mr. Hyde,413,854076,Robert Louis Stevenson,144,1886,False,3.82,385473,26156,381
5211,A Fine Balance,414,3539,Rohinton Mistry,603,1995,False,4.35,129478,26113,311
8755785,City of Heavenly Fire,415,150038,Cassandra Clare,725,2014,True,4.44,289521,26082,325
3975774,Evermore,416,200317,Alyson Noel,301,2009,True,3.59,263116,25993,315
41637836,The Subtle Knife,417,3618,Philip Pullman,370,1997,True,4.13,366691,25809,346
12898,Death of a Salesman,418,8120,Arthur  Miller,117,1949,False,3.53,185990,25672,399
10644930,11/22/63,419,3389,Stephen King,849,2011,False,4.31,420984,25410,308
11989,The Plague,420,957894,Albert Camus,308,1947,False,4.01,171939,25332,345
386187,Midnight in the Garden of Good and Evil,421,4952,John Berendt,386,1994,False,3.92,224206,25322,357
12220,A Streetcar Named Desire,422,7751,Tennessee Williams,107,1947,False,3.98,261436,25241,386
1420,Hamlet,423,947,William Shakespeare,289,1603,False,4.02,730944,25183,323
6759,Infinite Jest,424,4339,David Foster Wallace,1088,1996,False,4.28,74355,25154,274
28862,The Prince,425,16201,Niccolò Machiavelli,140,1532,False,3.82,260369,25150,352
14706,"Faust, First Part",426,285217,Johann Wolfgang von Goethe,327,1808,True,3.93,58328,25082,335
6936382,Anna and the French Kiss,427,3095893,Stephanie Perkins,372,2010,True,4.01,364224,24959,288
40873273,Snow Flower and the Secret Fan,428,713,Lisa See,288,2005,False,4.08,339724,24945,318
28921,The Remains of the Day,429,4280,Kazuo Ishiguro,258,1989,False,4.12,200527,24879,347
13497,A Feast for Crows,430,346732,George R.R. Martin,1061,2005,True,4.14,621636,24631,323
13152,The Angel Experiment,431,3780,James Patterson,445,2005,True,4.07,205930,24527,302
9460487,Miss Peregrine's Home for Peculiar Children,432,3046613,Ransom Riggs,352,2011,True,3.91,978609,24497,307
43448,Flowers in the Attic,433,1353301,V.C. Andrews,389,1979,True,3.82,160885,24342,325
7354,The Shipping News,434,1262010,Annie Proulx,337,1993,False,3.86,130432,24312,334
7735333,Matched,435,1304470,Ally Condie,369,2010,True,3.66,654037,24271,303
8664353,"Unbroken: A World War II Story of Survival, Resilience and Redemption",436,30913,Laura Hillenbrand,492,2010,False,4.36,768275,24200,290
136116,The Scarlet Pimpernel,437,2893961,Emmuska Orczy,182,1905,True,4.06,124422,24140,310
15717943,Hopeless,438,5430144,Colleen Hoover,410,2012,True,4.29,268427,24048,269
14201,Jonathan Strange &amp; Mr Norrell,439,8842,Susanna Clarke,1006,2004,False,3.82,198907,24032,297
187181,The Chosen,440,7385,Chaim Potok,304,1966,True,4.04,85909,23909,324
285092,High Fidelity,441,2929,Nick Hornby,340,1995,False,3.93,173704,23790,297
18143977,All the Light We Cannot See,442,28186,Anthony Doerr,531,2014,False,4.33,1026886,23668,278
394535,"Blood Meridian, or the Evening Redness in the West",443,4178,Cormac McCarthy,351,1985,False,4.17,107720,23647,276
249747,Artemis Fowl,444,10896,Eoin Colfer,396,2001,True,3.85,496616,23471,306
11324204,Houdini Heart,445,286014,Ki Longfellow,254,2011,False,4.2,2105,23469,243
19302,Pippi Longstocking,446,410653,Astrid Lindgren,160,1945,True,4.13,168067,23139,335
3950967,The Tales of Beedle the Bard,447,1077326,J.K. Rowling,109,2008,True,4.06,407192,23096,331
10956,The Virgin Suicides,448,1467,Jeffrey Eugenides,250,1993,False,3.82,229251,23058,302
101299,The Reader,449,2894,Bernhard Schlink,216,1995,False,3.76,170973,22873,324
14866,Nineteen Minutes,450,7128,Jodi Picoult,440,2007,False,4.13,300806,22630,287
12127810,The House of Hades,451,15872,Rick Riordan,597,2013,True,4.54,262758,22460,281
33600,Shantaram,452,18907,Gregory David Roberts,936,2003,True,4.25,168104,22250,253
397483,"The Devil in the White City: Murder, Magic, and Madness at the Fair That Changed America",453,5869,Erik Larson,447,2003,False,3.99,522566,22245,290
11422,Redeeming Love,454,6492,Francine Rivers,479,1991,False,4.49,213412,22184,252
53835,The Age of Innocence,455,16,Edith Wharton,293,1920,False,3.95,139556,21996,309
1656001,The Host,456,941441,Stephenie Meyer,620,2008,True,3.84,896015,21793,272
6411961,The Lost Symbol,457,630,Dan Brown,509,2009,True,3.71,521630,21758,280
18114322,The Grapes of Wrath,458,585,John Steinbeck,479,1939,False,3.97,750949,21698,291
676924,Betrayed,459,17015,P.C. Cast,310,2007,True,3.93,240310,21656,281
17716,Waiting for Godot,460,1433597,Samuel Beckett,109,1952,False,3.83,160555,21646,290
50398,Northanger Abbey,461,1265,Jane Austen,251,1817,False,3.83,298303,21609,318
6088007,Neuromancer,462,9226,William Gibson,292,1984,True,3.9,262578,21577,267
140225,The Voyage of the Dawn Treader,463,1069006,C.S. Lewis,248,1952,True,4.09,395313,21419,310
11012,Dubliners,464,5144,James Joyce,207,1914,False,3.85,123129,21387,303
42900,Lover Awakened,465,20248,J.R. Ward,448,2006,True,4.44,161671,21280,258
16096824,A Court of Thorns and Roses,466,3433047,Sarah J. Maas,419,2015,True,4.22,478759,21199,245
656,War and Peace,467,128382,Leo Tolstoy,1392,1867,False,4.12,265084,21121,258
137791,Divine Secrets of the Ya-Ya Sisterhood,468,3489,Rebecca Wells,383,1997,True,3.83,522952,20996,310
34080,The Waste Land,469,18540,T.S. Eliot,320,1922,False,4.11,42778,20932,293
256566,Everything Is Illuminated,470,2617,Jonathan Safran Foer,276,2002,False,3.9,164354,20856,255
2866718,Untamed,471,17015,P.C. Cast,338,2008,True,3.95,213799,20806,269
10664113,A Dance with Dragons,472,346732,George R.R. Martin,1125,2011,True,4.32,556611,20785,274
17167166,Crown of Midnight,473,3433047,Sarah J. Maas,420,2013,True,4.42,340197,20640,245
13214,I Know Why the Caged Bird Sings,474,3503,Maya Angelou,289,1969,True,4.24,409804,20487,292
59716,To the Lighthouse,475,6765,Virginia Woolf,209,1927,False,3.78,133458,20466,277
41804,"I, Robot",476,16667,Isaac Asimov,224,1950,True,4.2,276059,20373,280
690926,The Twilight Collection,477,941441,Stephenie Meyer,1690,2007,True,3.79,43749,20353,259
5308,The Pearl,478,585,John Steinbeck,96,1947,False,3.48,188054,20347,318
18635016,The One,479,2987125,Kiera Cass,323,2014,True,4.2,381358,20204,241
41681,The Jungle,480,23510,Upton Sinclair,335,1905,False,3.75,128912,20164,280
10592,Carrie,481,3389,Stephen King,253,1974,False,3.96,521526,20134,293
18765,"I, Claudius",482,3012988,Robert Graves,468,1934,True,4.23,56817,19961,271
77142,Snow Falling on Cedars,483,1873,David Guterson,460,1994,False,3.84,166202,19933,285
10987,Voyager,484,3617,Diana Gabaldon,870,1993,True,4.37,257604,19903,255
20613470,Heir of Fire,485,3433047,Sarah J. Maas,565,2014,True,4.48,280786,19740,229
4137,Me Talk Pretty One Day,486,2849,David Sedaris,272,2000,False,3.99,618554,19727,266
3087,A Room with a View,487,86404,E.M. Forster,119,1908,False,3.91,152010,19369,290
1326258,Chosen,488,17015,P.C. Cast,307,2008,True,3.91,222250,19348,252
31242,Bleak House,489,239579,Charles Dickens,1017,1853,False,4.0,97101,19238,264
30289,The Republic,490,879,Plato,416,380,True,3.94,171136,19056,280
84369,The Last Battle,491,1069006,C.S. Lewis,288,1956,True,4.02,222219,19027,278
179780,The Exorcist,492,104728,William Peter Blatty,385,1971,True,4.18,180960,18994,276
17061,Coraline,493,1221698,Neil Gaiman,162,2002,False,4.06,482834,18768,256
9293020,The Elephant Tree,494,4346642,R.D. Ronald,252,2010,False,4.14,61927,18642,207
24861,Demian: Die Geschichte von Emil Sinclairs Jugend,495,1113469,Hermann Hesse,194,1919,False,4.13,74037,18598,223
16101128,The 5th Wave,496,3377941,Rick Yancey,457,2013,True,4.04,388888,18378,221
6644117,The Iron King,497,2995873,Julie Kagawa,363,2010,True,3.9,192315,18358,225
12000020,Aristotle and Dante Discover the Secrets of the Universe,498,4841310,Benjamin Alire Sáenz,359,2012,True,4.33,260704,18331,200
8709527,Bloodlines,499,137902,Richelle Mead,421,2011,True,4.2,167595,18328,232
7740152,Torment,500,2905297,Lauren Kate,452,2010,True,3.87,208166,18319,236
93101,The Arabian Nights,501,5158478,Anonymous,1049,1315,False,4.04,61233,18263,256
112204,The Complete Poems of Emily Dickinson,502,7440,Emily Dickinson,716,1890,False,4.23,77271,18245,287
5797,Vanity Fair,503,3953,William Makepeace Thackeray,867,1848,False,3.79,118169,18214,261
43889,Wizard's First Rule,504,3441,Terry Goodkind,836,1994,True,4.12,229469,18170,218
156538,North and South,505,1413437,Elizabeth Gaskell,521,1855,False,4.13,143872,18164,234
34384161,Quantum Roots II: Worm Holes,506,4868409,Kyle Keyes,296,2017,False,4.34,9075,18157,202
30933,Brideshead Revisited,507,11315,Evelyn Waugh,351,1945,False,4.0,93321,18047,246
14743,The God Delusion,508,1194,Richard Dawkins,374,2006,False,3.9,231785,18030,229
34521870,Mistress Suffragette,509,16857084,Diana   Forbes,333,2017,False,4.34,7568,17956,200
33124137,Pet Sematary,510,3389,Stephen King,580,1983,False,4.0,425845,17948,248
31548,Of Human Bondage,511,4176632,W. Somerset Maugham,684,1915,False,4.11,50091,17859,250
40651883,Snow Crash,512,545,Neal Stephenson,559,1992,False,4.02,237025,17719,208
20448515,Bared to You,513,19823,Sylvia Day,334,2012,True,4.18,454175,17649,206
8908,World War Z: An Oral History of the Zombie War,514,5791,Max Brooks,342,2006,True,4.01,440533,17610,222
11901,The Witching Hour,515,7577,Anne Rice,1207,1990,True,4.11,102011,17607,236
3682,A Great and Terrible Beauty,516,2526,Libba Bray,403,2003,True,3.78,208235,17567,217
8909,The War of the Worlds,517,880695,H.G. Wells,192,1898,False,3.83,245070,17478,266
2800905,The Summoning,518,7581,Kelley Armstrong,390,2008,True,4.02,154777,17426,217
6150,"Cry, the Beloved Country",519,3527,Alan Paton,316,1948,False,3.89,67370,17200,236
960,Angels &amp; Demons,520,630,Dan Brown,736,2000,True,3.9,2678709,17180,220
51606,Johnny Got His Gun,521,29068,Dalton Trumbo,309,1939,False,4.18,34361,17156,211
47401,Chocolat,521,9432,Joanne Harris,306,1999,True,3.95,113200,17156,255
1421990,Halfway to the Grave,523,669810,Jeaniene Frost,358,2007,True,4.16,136043,17038,204
49436,Three Cups of Tea: One Man's Mission to Promote Peace ... One School at a Time,524,27837,Greg Mortenson,349,2006,False,3.65,326071,17023,232
4268157,Perfect Chemistry,525,274533,Simone Elkeles,368,2008,True,4.06,239671,17008,200
22328546,Red Queen,526,7074943,Victoria Aveyard,383,2015,True,4.04,566510,17003,191
5890,The Woman in White,527,4012,Wilkie Collins,672,1859,False,3.99,131813,16990,244
3777732,City of Glass,528,150038,Cassandra Clare,541,2009,True,4.31,796432,16969,226
6485421,The Mortal Instruments Boxed Set: City of Bones; City of Ashes; City of Glass,529,150038,Cassandra Clare,1520,2009,True,4.56,64938,16931,215
51738,Just Listen,530,2987,Sarah Dessen,371,2006,False,4.06,231543,16745,204
8667848,A Discovery of Witches,531,3849415,Deborah Harkness,579,2011,True,4.0,370065,16709,199
51737,The Truth About Forever,532,2987,Sarah Dessen,374,2004,False,4.12,209071,16672,205
764347,Unwind,533,19564,Neal Shusterman,337,2007,True,4.17,192007,16625,197
135836,Trainspotting,534,5687,Irvine Welsh,430,1993,True,4.07,153179,16613,205
70535,2001: A Space Odyssey,535,7779,Arthur C. Clarke,297,1968,True,4.15,259843,16607,225
12957,Much Ado About Nothing,536,947,William Shakespeare,246,1598,False,4.06,214808,16591,245
197084,Are You My Mother?,537,13898,P.D. Eastman,64,1960,False,4.19,213569,16520,245
4799,Cannery Row,538,585,John Steinbeck,181,1945,True,4.04,112059,16505,240
12749,Swann's Way,539,233619,Marcel Proust,444,1913,True,4.12,47188,16418,205
556602,Sarah's Key,540,305400,Tatiana de Rosnay,294,2006,False,4.16,419952,16390,215
420282,The Polar Express,541,9685,Chris Van Allsburg,32,1985,False,4.3,211908,16270,257
2299110,Acheron,542,4430,Sherrilyn Kenyon,728,2008,True,4.57,54631,16205,188
32049,Lady Chatterley's Lover,542,17623,D.H. Lawrence,376,1928,False,3.51,101695,16205,250
16248068,The Elite,544,2987125,Kiera Cass,336,2013,True,4.02,426622,16155,202
10637766,Silence,545,2876763,Becca Fitzpatrick,448,2011,True,4.12,244126,16076,203
40611328,Ishmael,546,10330,Daniel Quinn,338,1992,True,3.98,83425,16052,194
11408650,The Unbecoming of Mara Dyer,547,4126827,Michelle Hodkin,456,2011,True,4.05,152903,16029,184
838729,The Return of the King,548,656983,J.R.R. Tolkien,385,1955,True,4.53,679705,16017,220
4009,Nine Stories,549,819789,J.D. Salinger,198,1953,False,4.18,134232,15991,212
18460392,All the Bright Places,550,45592,Jennifer Niven,378,2015,False,4.15,300972,15905,174
1898,Into Thin Air: A Personal Account of the Mount Everest Disaster,551,1235,Jon Krakauer,368,1997,False,4.18,395692,15858,224
84119,The Horse and His Boy,552,1069006,C.S. Lewis,224,1954,True,3.91,274522,15803,238
140077,Dead to the World,553,17061,Charlaine Harris,291,2004,True,4.12,243962,15800,210
31463,Far From the Madding Crowd,554,15905,Thomas Hardy,433,1874,False,3.94,128974,15791,231
2156,Persuasion,555,1265,Jane Austen,249,1818,False,4.14,525034,15765,205
7747374,I Am Number Four,556,3380908,Pittacus Lore,440,2010,True,3.94,312580,15754,202
15863832,Angelfall,557,4890182,Susan Ee,288,2011,True,4.13,165040,15745,178
41014505,The Bronze Horseman,558,47499,Paullina Simons,912,2000,True,4.3,66385,15678,172
56728,You Are Special,559,2737,Max Lucado,32,1997,True,4.45,49205,15642,184
518848,Sabriel,560,8347,Garth Nix,491,1995,True,4.15,185251,15638,191
3591262,Cutting for Stone,561,93353,Abraham   Verghese,541,2009,False,4.29,337177,15633,195
29908754,The Zombie Room,562,4346642,R.D. Ronald,241,2012,False,4.16,61456,15589,173
77767,Little House on the Prairie,563,5300,Laura Ingalls Wilder,335,1935,True,4.19,256360,15567,248
31122,I Capture the Castle,564,6208,Dodie Smith,408,1948,False,4.0,84741,15561,201
92307,Being and Time,565,6191,Martin Heidegger,589,1927,False,4.03,20145,15553,159
179064,The Goose Girl,566,49177,Shannon Hale,383,2003,True,4.12,131594,15490,191
40611510,The Last Lecture,567,287960,Randy Pausch,217,2008,False,4.26,303196,15336,192
13188676,Ignite Me,568,4637539,Tahereh Mafi,421,2014,True,4.4,137699,15294,180
92517,The Glass Menagerie,569,7751,Tennessee Williams,104,1945,False,3.71,111808,15284,254
1625,Twelfth Night,570,947,William Shakespeare,272,1601,False,3.98,155602,15244,234
10576365,The Darkest Minds,571,2973783,Alexandra Bracken,488,2012,True,4.18,148762,15203,174
36236125,Invisible Monsters,572,2546,Chuck Palahniuk,304,1999,False,3.98,128376,15186,181
11899,The Hours,573,1432,Michael Cunningham,230,1998,False,3.94,125233,15131,214
18006496,Queen of Shadows,574,3433047,Sarah J. Maas,648,2015,True,4.55,242850,15071,174
40909452,Drums of Autumn,575,3617,Diana Gabaldon,928,1996,True,4.33,207731,15067,191
5326,A Christmas Carol,576,239579,Charles Dickens,104,1843,True,4.06,600299,15064,215
366522,P.S. I Love You,577,7116,Cecelia Ahern,501,2004,True,4.02,337666,15036,194
305234,Wicked Lovely,578,175855,Melissa Marr,328,2007,True,3.69,153136,14973,186
5064,World Without End,579,3447,Ken Follett,1014,2007,True,4.26,198600,14916,198
4134071,Hunted,580,17015,P.C. Cast,323,2009,True,3.93,162736,14912,195
24128,The Merchant of Venice,581,947,William Shakespeare,337,1596,False,3.8,157995,14882,234
8337,Little House in the Big Woods,582,5300,Laura Ingalls Wilder,198,1932,True,4.18,233355,14827,234
29127,The Last Unicorn,583,1067608,Peter S. Beagle,294,1968,True,4.15,97252,14809,188
30333938,Slammed,584,5430144,Colleen Hoover,354,2012,True,4.26,209531,14733,167
77566,Hyperion,585,2687,Dan Simmons,482,1989,True,4.23,188490,14720,175
17675462,The Raven Boys,586,1330292,Maggie Stiefvater,409,2012,True,4.05,270731,14682,170
12497,No Country for Old Men,587,4178,Cormac McCarthy,309,2005,False,4.12,148377,14661,196
78411,The Bad Beginning,588,36746,Lemony Snicket,176,1999,True,3.95,398293,14654,201
30868,The Bean Trees,589,3541,Barbara Kingsolver,232,1988,True,3.97,135124,14620,215
15638,Cyrano de Bergerac,590,670859,Edmond Rostand,240,1897,False,4.07,72093,14569,210
7967,Speaker for the Dead,591,589,Orson Scott Card,382,1986,True,4.07,225359,14462,183
902,The Westing Game,592,10074,Ellen Raskin,182,1978,False,4.01,165457,14422,188
17333223,The Goldfinch,593,8719,Donna Tartt,771,2013,False,3.92,720713,14379,169
5439,Interpreter of Maladies,594,3670,Jhumpa Lahiri,198,1999,False,4.15,160271,14341,190
7090447,The Red Pyramid,595,15872,Rick Riordan,516,2010,True,4.08,319243,14315,194
16143347,We Were Liars,596,173491,E. Lockhart,242,2014,False,3.83,465749,14288,161
5527,All the King's Men,597,3736,Robert Penn Warren,439,1946,False,4.07,58132,14192,197
13006,Julius Caesar,598,947,William Shakespeare,128,1599,False,3.69,168951,14148,230
35729,Lover Eternal,599,20248,J.R. Ward,464,2006,True,4.34,173290,14062,179
77390,Anne of Avonlea,600,5350,L.M. Montgomery,304,1909,True,4.21,144320,14010,225
7723542,A Dog's Purpose,601,327737,W. Bruce Cameron,319,2010,True,4.34,113761,14004,163
227571,Peace Like a River,602,13591,Leif Enger,312,2001,False,4.0,79075,13833,168
40593473,"Finding Hope in the Darkness of Grief: Spiritual Insights Expressed Through Art, Poetry and Prose",603,7782976,Diamante Lavendar,74,2018,False,4.33,5246,13828,155
65641,The Silver Chair,604,1069006,C.S. Lewis,243,1953,True,3.95,238736,13719,210
80660,We Need to Talk About Kevin,605,45922,Lionel Shriver,400,2003,False,4.05,162549,13651,170
25480342,A Monster Calls,606,370361,Patrick Ness,237,2011,False,4.35,208617,13650,152
567678,The Wasp Factory,607,7628,Iain Banks,192,1984,False,3.81,82747,13532,165
10534,The Art of War,608,1771,Sun Tzu,273,500,False,3.97,330579,13503,187
15241,The Two Towers,609,656983,J.R.R. Tolkien,322,1954,True,4.44,720964,13498,191
60510,Poison Study,610,445303,Maria V. Snyder,427,2005,True,4.11,142421,13484,162
23522,Mythology,611,13263,Edith Hamilton,497,1942,False,4.0,44944,13479,201
17125,One Day in the Life of Ivan Denisovich,612,19771050,Aleksandr Solzhenitsyn,182,1962,False,3.95,92690,13411,194
52529,The Secret,613,29655,Rhonda Byrne,199,2006,True,3.69,350203,13383,176
43758,The Queen of the Damned,614,7577,Anne Rice,448,1988,True,3.89,137148,13322,192
27523,Left Behind,615,7625163,Tim LaHaye,342,1995,True,3.83,204196,13288,179
6482837,Before I Fall,616,2936493,Lauren Oliver,470,2010,False,3.9,294983,13286,161
27003,The Eyre Affair,617,4432,Jasper Fforde,374,2001,True,3.88,119629,13280,170
7664041,Inheritance,618,8349,Christopher Paolini,849,2011,True,4.1,214270,13277,170
59219,The Talisman,619,3389,Stephen King,656,1984,True,4.13,107816,13106,179
8492825,Where She Went,620,295178,Gayle Forman,297,2011,True,4.02,257358,13089,167
121749,Prince Caspian,621,1069006,C.S. Lewis,240,1951,True,3.97,348954,13087,222
10441,The Memory Keeper's Daughter,622,6876,Kim Edwards,401,2005,False,3.67,560415,12976,184
20758104,The Knife of Never Letting Go,623,370361,Patrick Ness,512,2008,True,3.97,151894,12974,149
7304203,Shadowfever,624,48206,Karen Marie Moning,608,2011,True,4.4,98062,12900,149
2536134,Gone,625,1599723,Michael  Grant,560,2008,True,3.86,179230,12889,153
15622,Native Son,626,9657,Richard Wright,504,1940,False,3.99,89580,12831,186
110737,Seabiscuit: An American Legend,627,30913,Laura Hillenbrand,457,1999,False,4.22,144692,12822,190
682804,The Killer Angels,628,16892,Michael Shaara,345,1974,True,4.31,75378,12727,165
17841,Foucault's Pendulum,629,1730,Umberto Eco,623,1988,False,3.9,59728,12708,166
7631105,The Scorch Trials,630,348878,James Dashner,362,2010,True,3.91,446749,12705,163
112750,Darkfever,631,48206,Karen Marie Moning,309,2006,True,4.09,155684,12701,164
78433,The Blind Assassin,632,3472,Margaret Atwood,637,2000,False,3.95,136205,12675,173
3867,The History of Love,633,2633,Nicole Krauss,255,2005,False,3.92,121262,12673,153
374233,If on a Winter's Night a Traveler,634,155517,Italo Calvino,260,1979,False,4.05,74786,12620,153
14935,Sense and Sensibility,635,1265,Jane Austen,409,1811,False,4.07,958576,12594,180
24768,Pretties,636,13957,Scott Westerfeld,370,2005,True,3.85,230577,12536,169
7869,The Bourne Identity,637,5293,Robert Ludlum,566,1980,True,4.02,396997,12505,184
17332218,Words of Radiance,638,38550,Brandon Sanderson,1087,2014,True,4.75,208088,12481,133
41219,Possession,639,1169504,A.S. Byatt,555,1990,False,3.88,72830,12477,171
415,Gravity's Rainbow,640,235,Thomas Pynchon,776,1973,False,3.98,38407,12436,147
2767,A People's History of the United States,641,1899,Howard Zinn,729,1980,False,4.07,192091,12431,170
547094,I Am Legend and Other Stories,642,8726,Richard Matheson,317,1954,False,4.0,118827,12419,170
13206760,Scarlet,643,4684322,Marissa Meyer,454,2013,True,4.27,312347,12418,158
3869,A Brief History of Time,644,1401,Stephen Hawking,212,1988,False,4.18,303938,12369,175
1617,Night,645,1049,Elie Wiesel,115,1956,True,4.34,971280,12362,160
1554,Oedipus Rex,646,1002,Sophocles,75,429,True,3.71,170710,12355,185
13831,Alanna: The First Adventure,647,8596,Tamora Pierce,274,1983,True,4.24,116357,12317,153
18545,Rosencrantz and Guildenstern Are Dead,648,293,Tom Stoppard,126,1966,False,4.06,79241,12314,172
11250317,The Song of Achilles,649,176372,Madeline Miller,352,2011,False,4.35,229653,12287,134
38311414,House of Sand and Fog,650,9785,Andre Dubus III,368,1999,False,3.85,125329,12262,176
6853,One for the Money,651,2384,Janet Evanovich,320,1994,True,4.04,483343,12213,165
13642,A Wizard of Earthsea,652,874602,Ursula K. Le Guin,183,1968,True,3.99,241394,12200,167
32423,Watchers,653,9355,Dean Koontz,624,1987,False,4.18,153023,12160,152
2203,John Adams,654,6281688,David McCullough,751,2001,False,4.06,312056,12157,167
304027,Lover Unbound,655,20248,J.R. Ward,528,2007,True,4.33,120615,12140,159
14290364,Champion,656,4342215,Marie Lu,369,2013,True,4.34,167205,12108,145
89717,The Haunting of Hill House,657,13388,Shirley Jackson,182,1959,False,3.84,163949,12103,162
18423,The Left Hand of Darkness,658,874602,Ursula K. Le Guin,304,1969,True,4.08,120476,12060,164
77197,Assassin's Apprentice,659,25307,Robin Hobb,435,1995,True,4.15,235607,12025,146
20820994,I'll Give You the Sun,660,2982266,Jandy Nelson,371,2014,False,4.14,254814,11993,133
10357575,1Q84,661,3354,Haruki Murakami,925,2009,True,3.92,201556,11957,144
196970,The Night Before Christmas,662,64709,Clement C. Moore,32,1823,False,4.37,109053,11881,198
99300,The Yellow Wallpaper and Other Stories,663,29527,Charlotte Perkins Gilman,70,1892,False,4.04,80105,11878,174
13206828,Cress,664,4684322,Marissa Meyer,552,2014,True,4.43,275176,11808,146
16286,The Magus,665,10039,John Fowles,656,1965,False,4.05,47560,11805,152
46756,Oryx and Crake,666,3472,Margaret Atwood,389,2003,True,4.01,221379,11798,153
17212231,Inferno,667,630,Dan Brown,463,2013,True,3.85,469691,11667,146
6262365,Tempted,668,17015,P.C. Cast,319,2009,True,3.95,152252,11647,158
10965,A Breath of Snow and Ashes,669,3617,Diana Gabaldon,993,2005,True,4.44,139135,11633,150
47989,Night Watch,670,1654,Terry Pratchett,480,2002,True,4.5,94199,11622,145
4953,A Heartbreaking Work of Staggering Genius,671,3371,Dave Eggers,485,2000,False,3.69,171333,11571,148
1431,Veronika Decides to Die,672,566,Paulo Coelho,210,1998,True,3.7,174642,11482,142
30346601,Brainwalker,673,15300504,Robyn Mundell,,2016,False,4.35,15510,11433,128
29588376,The Lies of Locke Lamora,674,73149,Scott Lynch,752,2006,True,4.28,223160,11371,129
3388,Corelli's Mandolin,675,2313,Louis de Bernières,437,1994,False,3.98,76925,11357,153
8682,Jitterbug Perfume,676,197,Tom Robbins,342,1984,False,4.22,68733,11310,143
6882,Papillon,677,957910,Henri Charrière,544,1969,True,4.24,56101,11307,158
14249,Prodigal Summer,678,3541,Barbara Kingsolver,444,2000,False,4.0,98494,11284,155
852470,"I'd Tell You I Love You, But Then I'd Have to Kill You",679,56224,Ally Carter,284,2006,True,3.83,173443,11238,140
10967,The Fiery Cross,680,3617,Diana Gabaldon,1443,2001,True,4.24,171328,11201,147
88077,The Magic Mountain,681,19405,Thomas Mann,706,1924,False,4.11,37678,11186,138
452306,The Sisterhood of the Traveling Pants,682,3681,Ann Brashares,294,2001,True,3.8,623949,11115,160
6295,Howl and Other Poems,683,4261,Allen Ginsberg,56,1956,False,4.13,93660,11078,157
3980,From the Mixed-Up Files of Mrs. Basil E. Frankweiler,684,2713,E.L. Konigsburg,178,1967,False,4.14,189166,11067,154
2052,The Big Sleep,685,1377,Raymond Chandler,231,1939,True,3.99,126092,11053,151
44790978,Matching Configurations: QUANTUM ROOTS III,686,4868409,Kyle Keyes,296,2019,False,4.39,5110,11039,123
2967752,The Elegance of the Hedgehog,687,643126,Muriel Barbery,325,2006,False,3.77,148675,11034,140
323355,The Book of Mormon: Another Testament of Jesus Christ,688,3009967,Joseph Smith Jr.,531,1830,False,4.34,75275,11029,121
4982,The Sirens of Titan,689,2778055,Kurt Vonnegut Jr.,224,1959,False,4.15,114957,11010,137
22299763,Crooked Kingdom,690,4575289,Leigh Bardugo,536,2016,True,4.58,196316,10981,120
55030,Cosmos,691,10538,Carl Sagan,384,1980,False,4.37,116433,10968,143
19351490,Grimm's Fairy Tales,692,2938140,Jacob Grimm,518,1909,True,4.13,24221,10926,184
3478,Message in a Bottle,693,2345,Nicholas Sparks,342,1988,False,3.96,215024,10885,157
76401,Bury My Heart at Wounded Knee: An Indian History of the American West,694,43443,Dee Brown,509,1970,False,4.22,66347,10874,173
13414446,Prodigy,695,4342215,Marie Lu,371,2013,True,4.26,202207,10837,134
35519,The Power of Myth,696,20105,Joseph Campbell,320,1988,True,4.26,44316,10801,150
1582996,City of Ashes,697,150038,Cassandra Clare,453,2008,True,4.17,747509,10789,155
7061,The No. 1 Ladies' Detective Agency,698,4738,Alexander McCall Smith,235,1998,True,3.79,232686,10753,165
73968,Love Story,699,15516,Erich Segal,224,1970,True,3.62,52652,10703,168
27266,Glass Houses,700,15292,Rachel Caine,239,2006,True,3.91,93398,10691,138
33507,Twenty Thousand Leagues Under the Sea,701,696805,Jules Verne,394,1870,True,3.89,198682,10684,158
9416,Confessions of a Shopaholic,702,6160,Sophie Kinsella,368,2000,True,3.65,647855,10681,142
42898,Lover Revealed,703,20248,J.R. Ward,480,2007,True,4.3,122229,10672,141
18334354,Quantum Roots,704,4868409,Kyle Keyes,262,2012,False,4.35,8702,10636,117
16081272,The Edge of Never,705,5437976,J.A. Redmerski,426,2012,True,4.23,141710,10617,123
14995,Odd Thomas,706,9355,Dean Koontz,446,2003,True,3.97,249886,10577,145
40024,The Alienist,707,27779,Caleb Carr,498,1994,True,4.05,151943,10557,152
140082,Club Dead,708,17061,Charlaine Harris,274,2003,True,4.02,220220,10553,153
6440,Ivanhoe,709,4345,Walter Scott,541,1819,True,3.75,87194,10550,159
41423092,The Awakening: Fate in Motion,710,18336482,Suzanne Boisvert,331,2018,False,4.31,6605,10536,117
85990,Princess Academy,711,49177,Shannon Hale,314,2005,True,4.0,105160,10530,144
1202,Freakonomics: A Rogue Economist Explores the Hidden Side of Everything,712,798,Steven D. Levitt,320,2005,True,3.98,709621,10521,140
21853621,The Nightingale,713,54493,Kristin Hannah,440,2015,False,4.57,700002,10473,121
32768522,Carry On,714,4208569,Rainbow Rowell,522,2015,True,4.22,206003,10456,115
11337,The Bluest Eye,715,3534,Toni Morrison,216,1970,False,4.06,173622,10432,141
9532,Ender's Shadow,716,589,Orson Scott Card,469,1999,True,4.3,153936,10430,130
12914,The Aeneid,717,919,Virgil,442,1990,False,3.84,106610,10424,156
13104080,Unravel Me,718,4637539,Tahereh Mafi,461,2013,True,4.23,171348,10401,128
6969,Emma,719,1265,Jane Austen,474,1815,False,4.01,652995,10397,144
53496,Walk Two Moons,720,11633,Sharon Creech,280,1994,False,3.97,151571,10392,134
292408,Angle of Repose,721,157779,Wallace Stegner,569,1971,False,4.24,54179,10381,134
5098079,Lover Avenged,722,20248,J.R. Ward,527,2009,True,4.37,105079,10363,138
37095,The Shell Seekers,723,20849,Rosamunde Pilcher,530,1987,False,4.16,94902,10360,159
3805,The Corrections,724,2578,Jonathan Franzen,653,2001,False,3.8,156435,10342,141
667,Anthem,725,432,Ayn Rand,105,1938,False,3.63,130942,10321,135
703292,The Witch of Blackbird Pond,726,7549,Elizabeth George Speare,256,1958,False,3.98,134956,10312,152
41684,The Jungle Books,727,6989,Rudyard Kipling,368,1894,True,4.01,83444,10283,168
6320534,Under the Dome,728,3389,Stephen King,1074,2009,False,3.91,257570,10281,143
110494,Living Dead in Dallas,729,17061,Charlaine Harris,291,2002,True,3.96,234766,10248,143
3109,The Omnivore's Dilemma: A Natural History of Four Meals,730,2121,Michael Pollan,450,2006,False,4.17,182514,10229,134
164154,A Canticle for Leibowitz,731,6025722,Walter M. Miller Jr.,334,1959,True,3.97,93470,10223,138
17961,Collected Fictions,732,500,Jorge Luis Borges,565,1998,False,4.58,20605,10200,133
6325285,Rubinrot,733,298438,Kerstin Gier,343,2009,True,4.1,112221,10166,120
6280118,One Day,734,46118,David Nicholls,435,2009,False,3.8,287011,10149,125
821611,The Story of My Life,735,7275,Helen Keller,240,1902,False,4.08,132094,10089,172
11125,Digital Fortress,736,630,Dan Brown,510,1998,False,3.66,561690,10088,129
6654313,Linger,737,1330292,Maggie Stiefvater,362,2010,True,3.9,151697,10070,136
13872,Geek Love,738,8622,Katherine Dunn,348,1989,False,3.95,59798,10058,126
264,The Portrait of a Lady,739,159,Henry James,797,1881,False,3.77,72790,10044,149
816,Cryptonomicon,740,545,Neal Stephenson,1139,1999,False,4.24,98932,10020,119
248596,Something Wicked This Way Comes,741,1630,Ray Bradbury,293,1962,True,3.93,100700,9994,147
357664,Because of Winn-Dixie,742,13663,Kate DiCamillo,182,2000,False,4.05,206746,9964,145
11507,My Name Is Asher Lev,743,7385,Chaim Potok,369,1972,True,4.21,36027,9960,136
4865,How to Win Friends and Influence People,744,3317,Dale Carnegie,288,1936,False,4.2,613221,9937,141
11334,Song of Solomon,745,3534,Toni Morrison,337,1977,False,4.08,86158,9925,144
10374,Hard-Boiled Wonderland and the End of the World,746,3354,Haruki Murakami,400,1985,False,4.15,105472,9924,121
8852,Macbeth,747,947,William Shakespeare,249,1606,False,3.9,674346,9916,141
50798,Jude the Obscure,748,15905,Thomas Hardy,310,1895,False,3.82,63823,9906,147
22557272,The Girl on the Train,749,1063732,Paula Hawkins,325,2015,False,3.93,2114707,9896,125
15839976,Red Rising,750,6474348,Pierce Brown,382,2014,True,4.25,248396,9819,111
33917,The Namesake,751,3670,Jhumpa Lahiri,291,2003,False,4.0,233769,9816,140
1923820,Holy Bible: King James Version,752,5158478,Anonymous,1590,1611,False,4.41,220811,9806,122
28260587,Empire of Storms,753,3433047,Sarah J. Maas,689,2016,True,4.54,194912,9759,112
15749186,To All the Boys I've Loved Before,754,151371,Jenny Han,355,2014,True,4.15,491845,9754,113
7864437,The Death Cure,755,348878,James Dashner,325,2011,True,3.77,337996,9750,125
38374795,Howards End,756,86404,E.M. Forster,318,1910,False,3.95,78612,9748,149
7770,"One Fish, Two Fish, Red Fish, Blue Fish",757,61105,Dr. Seuss,64,1960,False,4.14,165844,9731,163
426504,Ficciones,758,500,Jorge Luis Borges,174,1944,False,4.44,49389,9676,117
131359,Death on the Nile,759,123715,Agatha Christie,214,1937,True,4.1,127768,9671,153
248704,It's Kind of a Funny Story,760,11672,Ned Vizzini,444,2006,False,4.11,211237,9637,110
6137154,Fire,761,1373880,Kristin Cashore,480,2009,True,4.1,161480,9616,129
34497,The Color of Magic,762,1654,Terry Pratchett,228,1983,True,3.99,316574,9543,134
2767793,The Hero of Ages,763,38550,Brandon Sanderson,572,2008,True,4.48,266319,9537,109
22881898,Shot Down: The True Story of Pilot Howard Snyder and the Crew of the B-17 Susan Ruth,764,9876016,Steve Snyder,376,2014,False,4.31,11011,9533,105
16640,The Sorrows of Young Werther,765,285217,Johann Wolfgang von Goethe,149,1744,False,3.67,85143,9527,118
2153405,Still Alice,766,978484,Lisa Genova,292,2007,False,4.32,296499,9506,119
16690,The Moon Is a Harsh Mistress,767,205,Robert A. Heinlein,288,1966,False,4.16,113175,9480,119
29059,Choke,768,2546,Chuck Palahniuk,293,2001,False,3.7,185950,9473,122
57891,Battle Royale,769,32595,Koushun Takami,617,1999,False,4.16,59341,9444,111
50033,Dandelion Wine,770,1630,Ray Bradbury,239,1957,True,4.07,57237,9430,128
152380,Mary Poppins,771,6872556,P.L. Travers,209,1934,True,4.02,114997,9409,169
12751687,Finale,772,2876763,Becca Fitzpatrick,464,2012,True,4.18,140700,9406,120
5391115,The Awakening,773,7581,Kelley Armstrong,360,2009,True,4.14,107708,9405,125
77295,Gift from the Sea,774,21135,Anne Morrow Lindbergh,130,1955,False,4.15,42729,9391,134
36236123,Survivor,775,2546,Chuck Palahniuk,304,1999,False,3.91,108015,9387,118
48328,Revolutionary Road,776,27069,Richard Yates,355,1961,False,3.9,79609,9377,122
49750,An Abundance of Katherines,777,1406384,John Green,229,2006,False,3.57,447548,9365,116
7728,Antigone,778,1002,Sophocles,80,441,True,3.66,105474,9352,145
9673436,The Invention of Hugo Cabret,779,38120,Brian Selznick,533,2007,False,4.22,163196,9343,122
15783514,The Ocean at the End of the Lane,780,1221698,Neil Gaiman,181,2013,False,4.0,481581,9314,111
34484,Small Gods,781,1654,Terry Pratchett,400,1992,True,4.3,99334,9305,119
40389231,Cold Sassy Tree,782,52627,Olive Ann Burns,405,1984,False,4.01,98085,9277,133
298275,Nausea,783,1466,Jean-Paul Sartre,178,1938,False,3.92,86385,9274,121
6690798,The Passage,784,45315,Justin Cronin,766,2010,True,4.03,188993,9269,113
6468666,The Reckoning,785,7581,Kelley Armstrong,391,2010,True,4.2,107980,9256,123
40941582,گم شده ای در مه,786,18235662,سید مرتضی مصطفوی,82,2016,False,4.03,888,9249,94
17214,Starship Troopers,787,205,Robert A. Heinlein,335,1959,False,4.0,192498,9225,122
95819,The Poetry of Robert Frost,788,7715,Robert Frost,607,1930,False,4.25,47037,9222,152
46164,Tender Is the Night,789,3190,F. Scott Fitzgerald,315,1934,False,3.81,113780,9214,132
5246,Ethan Frome,790,16,Edith Wharton,99,1911,False,3.41,108562,9206,135
42697,Exodus,791,19708,Leon Uris,608,1958,False,4.34,91339,9183,146
8695,The Restaurant at the End of the Universe,792,4,Douglas Adams,250,1980,True,4.21,232828,9160,133
18300212,The Trigger: Hunting the Assassin Who Brought the World to War,792,534082,Tim Butcher,352,2014,False,4.05,1325,9160,94
36072,The 7 Habits of Highly Effective People: Powerful Lessons in Personal Change,794,1538,Stephen R. Covey,372,1989,False,4.12,525290,9152,133
32075671,The Hate U Give,794,15049422,Angie Thomas,444,2017,True,4.52,505365,9152,102
186190,Forrest Gump,796,77004,Winston Groom,248,1986,True,4.06,59802,9120,145
334176,The Sparrow,797,4007,Mary Doria Russell,516,1996,True,4.13,63450,9111,111
19057,I Am the Messenger,798,11466,Markus Zusak,357,2002,False,4.05,136716,9085,107
2595138,The Gargoyle,799,149883,Andrew Davidson,468,2008,False,3.97,43561,9035,110
15745950,Walking Disaster,800,4464118,Jamie McGuire,448,2013,True,4.2,167053,9033,112
10140661,Gabriel's Inferno,801,4562483,Sylvain Reynard,506,2011,True,4.0,144180,9030,105
6050298,Dreamfever,802,48206,Karen Marie Moning,386,2009,True,4.4,90668,9027,114
54479,Around the World in Eighty Days,803,696805,Jules Verne,252,1873,True,3.93,184347,9015,143
11768,The Hotel New Hampshire,804,3075,John Irving,520,1981,False,3.91,58253,8966,127
7805,Pale Fire,805,5152,Vladimir Nabokov,246,1962,False,4.12,43329,8963,117
10569,On Writing: A Memoir of the Craft,806,3389,Stephen King,320,2000,False,4.33,222852,8936,123
13928,Daughter of the Forest,807,8649,Juliet Marillier,554,1999,True,4.24,56413,8919,106
3407877,The Forgotten Garden,808,615274,Kate Morton,648,2008,False,4.14,191325,8896,113
29946,Illusions: The Adventures of a Reluctant Messiah,809,16904,Richard Bach,144,1977,True,4.14,57019,8895,114
1848,Wild Swans: Three Daughters of China,810,1237,Jung Chang,562,1991,False,4.26,91550,8858,120
83674,The Bridges of Madison County,810,28024,Robert James Waller,224,1992,False,3.62,81213,8858,141
78983,Kane and Abel,812,4820,Jeffrey Archer,592,1979,True,4.31,100592,8853,104
13596809,Reflected in You,813,19823,Sylvia Day,338,2012,True,4.32,310999,8846,108
16151178,The Sea of Tranquility,814,6466759,Katja Millay,426,2012,False,4.31,78032,8837,101
24765,Specials,815,13957,Scott Westerfeld,384,2006,True,3.76,168692,8804,124
373755,"Absalom, Absalom!",816,3535,William Faulkner,316,1936,False,3.97,38839,8786,116
386372,Mort,817,1654,Terry Pratchett,243,1987,True,4.22,196427,8783,119
140079,Definitely Dead,818,17061,Charlaine Harris,324,2006,True,4.01,189838,8769,129
21686,Shutter Island,819,10289,Dennis Lehane,369,2003,False,4.08,163294,8743,115
8709523,The Golden Lily,820,137902,Richelle Mead,418,2012,True,4.33,105661,8699,117
2168860,One Foot in the Grave,821,669810,Jeaniene Frost,357,2008,True,4.3,94421,8697,111
1241,A Million Little Pieces,822,822,James Frey,515,2003,False,3.65,222648,8676,114
7445,The Glass Castle,823,3275,Jeannette Walls,288,2005,False,4.28,904853,8639,110
5091,The Dark Tower,824,3389,Stephen King,1050,2004,True,4.26,145445,8638,117
18705209,The Blood of Olympus,825,15872,Rick Riordan,516,2014,True,4.41,201115,8627,114
7046495,Lover Mine,826,20248,J.R. Ward,528,2010,True,4.4,103094,8614,118
6917952,Burned,827,17015,P.C. Cast,323,2010,True,3.97,142144,8591,124
30281,Guilty Pleasures,828,9550,Laurell K. Hamilton,355,1993,True,4.02,133411,8580,115
307791,The City of Ember,829,2347,Jeanne DuPrau,288,2003,True,3.86,246645,8578,117
21671,Mystic River,830,10289,Dennis Lehane,416,2001,False,4.17,127791,8569,125
280111,Holy Bible: New International Version,831,5158478,Anonymous,1248,1973,False,4.59,63061,8530,106
19547856,Simon vs. the Homo Sapiens Agenda,832,7579036,Becky Albertalli,303,2015,True,4.29,289027,8508,95
19691,The Hunt for Red October,833,3892,Tom Clancy,432,1984,True,4.08,335993,8485,126
35879889,Christy,834,11237,Catherine Marshall,512,1967,False,4.23,49481,8484,126
170210,Dead as a Doornail,835,17061,Charlaine Harris,295,2005,True,4.0,203982,8479,123
3063499,The Lucky One,836,2345,Nicholas Sparks,326,2007,False,4.12,328368,8443,114
334123,The Amulet of Samarkand,837,33467,Jonathan Stroud,462,2003,True,4.0,115368,8441,102
270730,Crank,838,2821144,Ellen Hopkins,537,2004,True,4.15,125593,8428,106
24800,House of Leaves,839,13974,Mark Z. Danielewski,705,2000,False,4.06,131432,8420,94
7940583,Chasing the Devil: The Search for Africa's Fighting Spirit,840,534082,Tim Butcher,336,2010,False,4.1,1557,8408,86
13362536,Opal,841,4476934,Jennifer L. Armentrout,394,2012,True,4.29,123894,8406,108
10194157,Shadow and Bone,842,4575289,Leigh Bardugo,358,2012,True,4.0,308235,8380,102
18839,Orlando,843,6765,Virginia Woolf,272,1928,False,3.86,60932,8348,119
46945,Requiem for a Dream,844,26335,Hubert Selby Jr.,279,1978,False,4.09,56454,8345,98
368916,"84, Charing Cross Road",845,58918,Helene Hanff,97,1970,False,4.16,46160,8336,124
162898,A Connecticut Yankee in King Arthur's Court,846,1244,Mark Twain,480,1889,False,3.77,95197,8288,125
321552,The Agony and the Ecstasy,847,12833,Irving Stone,776,1958,False,4.07,80522,8281,118
40496,How Green Was My Valley,848,22698,Richard Llewellyn,448,1939,False,4.18,14669,8276,120
9593911,Pandemonium,849,2936493,Lauren Oliver,375,2012,True,4.05,219696,8275,101
7822895,"The Millennium Trilogy (Millennium Trilogy, #1-3)",850,706255,Stieg Larsson,1531,2005,False,4.48,46125,8261,111
2731276,The Story of Edgar Sawtelle,851,982213,David Wroblewski,566,2008,False,3.62,91071,8234,111
497199,Factotum,852,13275,Charles Bukowski,208,1975,False,3.94,61453,8228,96
2666,The Bonfire of the Vanities,853,3083854,Tom Wolfe,690,1987,False,3.85,71660,8179,127
41424,Beauty: A Retelling of the Story of Beauty and the Beast,854,5339,Robin McKinley,256,1978,True,4.05,73990,8172,104
5168,Where the Heart Is,855,3510,Billie Letts,376,1995,False,4.02,238298,8159,127
9791,A Walk in the Woods: Rediscovering America on the Appalachian Trail,856,7,Bill Bryson,397,1998,True,4.06,346776,8148,114
7437,Naked Lunch,857,4462369,William S. Burroughs,289,1959,False,3.46,83793,8138,106
11991,The Fall,858,957894,Albert Camus,147,1956,False,4.02,74226,8133,106
9566,Still Life with Woodpecker,859,197,Tom Robbins,288,1980,False,4.03,73614,8116,110
3099787,"Night World, No. 1",860,50873,L.J. Smith,729,2008,True,4.05,61431,8115,104
17728,The House of Mirth,861,16,Edith Wharton,351,1905,False,3.95,84597,8094,116
6567017,"Will Grayson, Will Grayson",862,1406384,John Green,310,2010,True,3.77,334595,8091,96
12395,Journey to the End of the Night,863,7869,Louis-Ferdinand Céline,453,1932,True,4.22,31962,8080,94
38180,On the Beach,864,21477,Nevil Shute,296,1957,False,3.94,35279,8070,121
13517535,Thoughtless,865,4372391,S.C. Stephens,530,2009,True,4.1,133999,8064,91
9014,The Long Walk,866,5858,Richard Bachman,370,1979,False,4.08,127179,8040,103
3466,The Wedding,867,2345,Nicholas Sparks,276,2003,True,3.99,138890,8035,106
4631,A Moveable Feast,868,1455,Ernest Hemingway,192,1964,False,4.04,118102,8031,115
44652,Fablehaven,869,25052,Brandon Mull,351,2006,True,4.09,134538,8028,104
4031,Lunar Park,870,2751,Bret Easton Ellis,404,2005,False,3.64,31216,8009,91
529626,Sometimes a Great Notion,871,7285,Ken Kesey,640,1964,False,4.18,20852,7998,101
16328,The Murder of Roger Ackroyd,872,123715,Agatha Christie,288,1926,True,4.24,153811,7988,111
42038,Shakespeare's Sonnets,873,947,William Shakespeare,488,1609,False,4.25,84217,7974,128
16056408,Easy,874,4826501,Tammara Webber,336,2012,True,4.08,216025,7968,98
16729,Beach Music,875,6942,Pat Conroy,800,1995,False,4.16,43424,7938,112
76171,We,876,43298,Yevgeny Zamyatin,255,1921,False,3.92,71057,7931,102
10916,The Pact,877,7128,Jodi Picoult,512,1998,False,4.01,273181,7926,106
395871,The Awakening / The Struggle,878,50873,L.J. Smith,492,1991,True,3.68,80710,7919,107
310459,"Roll of Thunder, Hear My Cry",879,26946,Mildred D. Taylor,288,1976,True,3.84,112503,7915,112
976,Deception Point,880,630,Dan Brown,556,2001,False,3.72,591986,7912,102
2702704,Faefever,881,48206,Karen Marie Moning,327,2008,True,4.31,91515,7906,102
13047090,Onyx,882,4476934,Jennifer L. Armentrout,421,2012,True,4.28,147676,7888,102
84136,Fantasy Lover,883,4430,Sherrilyn Kenyon,337,2002,True,4.16,84644,7881,103
22205,This Lullaby,884,2987,Sarah Dessen,345,2002,False,4.02,170811,7880,101
17788401,Ugly Love,885,5430144,Colleen Hoover,337,2014,False,4.25,173849,7865,90
23692271,Sapiens: A Brief History of Humankind,886,395812,Yuval Noah Harari,498,2011,False,4.42,505156,7851,85
18045891,Sharp Objects,887,2383,Gillian Flynn,254,2006,False,3.98,679763,7834,92
9369720,Passion,888,2905297,Lauren Kate,420,2011,True,3.88,146961,7822,110
23766634,A Court of Wings and Ruin,889,3433047,Sarah J. Maas,699,2017,True,4.44,254412,7815,88
11918,Bitten,890,7581,Kelley Armstrong,436,2001,True,4.04,90951,7806,98
23878688,The 5 Love Languages: The Secret to Love that Lasts,891,622,Gary Chapman,209,1990,True,4.25,298289,7804,106
2233407,From Dead to Worse,892,17061,Charlaine Harris,359,2008,True,4.01,174485,7730,112
5096,Wizard and Glass,893,3389,Stephen King,845,1997,True,4.23,166787,7725,103
6192,Disgrace,894,4128,J.M. Coetzee,220,1999,False,3.84,87150,7721,107
2122,The Fountainhead,895,432,Ayn Rand,704,1943,False,3.87,297458,7706,94
5056084,Wings,896,2096360,Aprilynne Pike,290,2009,True,3.75,74265,7702,98
140075,All Together Dead,897,17061,Charlaine Harris,323,2007,True,4.05,186720,7695,111
30659,Meditations,898,17212,Marcus Aurelius,303,180,False,4.22,124895,7647,97
297673,The Brief Wondrous Life of Oscar Wao,899,55215,Junot Díaz,335,2007,False,3.9,230477,7643,102
54539,Silas Marner,900,173,George Eliot,262,1861,False,3.65,74549,7624,122
732562,The Rime of the Ancient Mariner,901,11525,Samuel Taylor Coleridge,77,1798,False,3.95,54142,7584,123
5094,The Drawing of the Three,902,3389,Stephen King,463,1987,True,4.21,217551,7579,104
99944,The Bhagavad Gita,903,1782206,Krishna-Dwaipayana Vyasa,160,400,False,4.13,55233,7573,111
348225,"These Is My Words: The Diary of Sarah Agnes Prine, 1881-1901, Arizona Territories",904,29184,Nancy E. Turner,384,1998,True,4.34,66351,7551,90
5886881,Dark Places,905,2383,Gillian Flynn,349,2009,False,3.93,579041,7542,90
5161066,Dead and Gone,906,17061,Charlaine Harris,312,2009,True,4.02,174166,7541,113
13262783,Every Day,907,11664,David Levithan,322,2012,True,3.94,195909,7534,88
479415,The Horse Whisperer,908,6098,Nicholas Evans,451,1995,False,3.81,51140,7520,117
29999,The Maltese Falcon,909,16927,Dashiell Hammett,213,1929,False,3.9,89637,7513,119
1371,The Iliad,910,903,Homer,683,750,False,3.87,352562,7512,101
527756,The Man Without Qualities,911,16747,Robert Musil,1774,1930,True,4.23,5631,7502,81
12926063,Skagboys,911,5687,Irvine Welsh,548,2012,True,3.92,18794,7502,85
414999,Childhood's End,913,7779,Arthur C. Clarke,224,1953,False,4.11,130760,7498,101
9284655,Tiger's Curse,914,3097905,Colleen Houck,403,2011,True,4.06,57588,7460,87
7996,Redwall,915,5329,Brian Jacques,352,1986,True,4.11,104747,7449,106
51893,Thus Spoke Zarathustra,915,1938,Friedrich Nietzsche,327,1883,False,4.05,111364,7449,89
40603730,Safe Haven,917,2345,Nicholas Sparks,353,2010,False,4.21,334817,7426,97
469571,All the Pretty Horses,918,4178,Cormac McCarthy,302,1992,True,4.0,93965,7374,108
31196,The Razor's Edge,919,4176632,W. Somerset Maugham,314,1944,False,4.19,36519,7373,108
111332,Into the Wild,920,27498,Erin Hunter,288,2003,True,4.3,75861,7361,90
60400,The Ruins of Gorlan,921,34049,John Flanagan,249,2004,True,4.21,124696,7347,90
24192,The Runaway Jury,922,721,John Grisham,358,1996,False,3.99,272318,7339,114
36336078,Call Me By Your Name,923,2922229,André Aciman,248,2007,True,4.23,211493,7325,76
5287473,Hex Hall,924,2261547,Rachel Hawkins,323,2010,True,3.93,132770,7322,96
7488244,Unearthly,925,3290920,Cynthia Hand,435,2011,True,4.02,121605,7297,95
68429,The Well of Ascension,926,38550,Brandon Sanderson,590,2007,True,4.36,286174,7286,86
10979,Light in August,927,3535,William Faulkner,507,1932,False,3.93,55831,7276,103
15925,The Guardian,927,2345,Nicholas Sparks,400,2003,False,4.15,161540,7276,102
28251250,White Noise,929,233,Don DeLillo,320,1985,False,3.87,86825,7242,98
5664985,Along for the Ride,930,2987,Sarah Dessen,383,2009,False,4.06,185868,7238,92
773951,The Story of Ferdinand,931,89552,Munro Leaf,72,1936,False,4.36,85848,7229,107
10222,The Far Pavilions,932,1040250,M.M. Kaye,958,1978,False,4.21,39771,7222,101
30264,Dead Witch Walking,933,17054,Kim Harrison,416,2004,True,4.04,110564,7183,91
544891,Beastly,934,79589,Alex Flinn,304,2007,True,3.83,170108,7161,100
3570231,At Grave's End,935,669810,Jeaniene Frost,342,2008,True,4.3,81858,7114,95
45195,A Passage to India,936,86404,E.M. Forster,376,1924,False,3.68,69786,7110,124
216363,The Man in the High Castle,936,4764,Philip K. Dick,259,1962,False,3.62,174914,7110,95
3463,A Bend in the Road,938,2345,Nicholas Sparks,341,2001,False,4.03,137804,7106,96
8709526,The Indigo Spell,939,137902,Richelle Mead,401,2013,True,4.37,92365,7070,95
19405702,Walks Away Woman,940,286014,Ki Longfellow,254,2013,False,4.33,998,7065,74
22822858,A Little Life,940,6571447,Hanya Yanagihara,720,2015,False,4.31,212491,7065,74
872333,Blue Bloods,942,21911,Melissa de la Cruz,302,2006,True,3.69,132508,7045,100
18243700,The Assassin's Blade,943,3433047,Sarah J. Maas,448,2014,True,4.39,134223,7034,84
7494,Suzanne's Diary for Nicholas,944,3780,James Patterson,289,2001,False,4.17,138967,7015,96
37793,A Doll's House,945,2730977,Henrik Ibsen,122,1879,False,3.73,106204,6994,122
27774758,An Ember in the Ashes,946,7770873,Sabaa Tahir,446,2015,True,4.27,182611,6990,80
102868,A Study in Scarlet,947,2448,Arthur Conan Doyle,123,1887,True,4.16,325112,6976,103
47021,The Taming of the Shrew,948,947,William Shakespeare,291,1593,False,3.79,152191,6965,123
1430,Eleven Minutes,949,566,Paulo Coelho,273,2003,False,3.7,148910,6950,83
12985,The Tempest,950,947,William Shakespeare,218,1611,False,3.81,172549,6943,109
124509,Smilla's Sense of Snow,951,369288,Peter Høeg,469,1992,False,3.74,41248,6927,103
43483262,"Love is the Answer, God is the Cure: A True Story of Abuse, Betrayal and Unconditional Love",952,18294819,Aimee Cabo Nikolov,150,2018,False,4.32,2139,6916,78
5139,The Devil Wears Prada,953,3490,Lauren Weisberger,432,2003,True,3.75,786811,6913,104
2744,Anansi Boys,954,1221698,Neil Gaiman,387,2005,True,4.03,193100,6879,93
171547,Songs of Innocence and of Experience,955,13453,William Blake,56,1789,False,4.11,39273,6866,108
13651,The Dispossessed,956,874602,Ursula K. Le Guin,387,1974,True,4.2,88052,6842,89
1240662,Lover Enshrined,957,20248,J.R. Ward,560,2008,True,4.12,106154,6839,93
29797,The Pilgrim's Progress,958,16244,John Bunyan,324,1678,True,4.0,108900,6836,103
6259,Birdsong: A Novel of Love and War,959,4229,Sebastian Faulks,483,1993,True,4.09,68521,6804,91
242006,Running with Scissors,960,3058,Augusten Burroughs,304,2002,False,3.73,351445,6800,95
34532,Hogfather,961,1654,Terry Pratchett,432,1996,True,4.22,77040,6793,93
7600924,Forbidden,962,599916,Tabitha Suzuma,418,2010,False,4.03,53610,6788,77
25845273,The Great Divorce,963,1069006,C.S. Lewis,146,1945,False,4.28,108584,6784,87
5359,The Client,964,721,John Grisham,483,1993,False,4.02,401449,6783,113
8685612,The Iron Queen,965,2995873,Julie Kagawa,384,2011,True,4.21,96833,6769,86
38296,The Last of the Mohicans,966,9121,James Fenimore Cooper,410,1826,True,3.7,89632,6765,111
8235178,Across the Universe,967,4018722,Beth Revis,399,2011,True,3.77,112583,6761,87
50,Hatchet,968,18,Gary Paulsen,208,1987,True,3.73,308949,6748,97
13496084,Point of Retreat,969,5430144,Colleen Hoover,230,2012,True,4.27,141430,6746,78
581811,Valley of the Dolls,970,22485,Jacqueline Susann,442,1966,False,3.76,49836,6719,109
24113,"Gödel, Escher, Bach: An Eternal Golden Braid",971,3034502,Douglas R. Hofstadter,777,1979,False,4.28,42884,6713,81
943402,Let the Right One In,972,479779,John Ajvide Lindqvist,513,2004,False,4.05,90192,6694,88
16220184,Crossroads and the Himalayan Crystals,972,6496644,C. Toni Graham,266,2012,True,4.32,5604,6694,74
7402393,Nightshade,974,3041100,Andrea Cremer,452,2010,True,4.02,79697,6664,90
89724,We Have Always Lived in the Castle,975,13388,Shirley Jackson,146,1962,False,3.98,118401,6650,82
36590307,Unblinded: One Man’s Courageous Journey through Darkness to Sight,976,14673557,Traci Medford-Rosow,220,2018,False,4.33,3105,6633,74
1295102,Lock and Key,977,2987,Sarah Dessen,432,2008,False,4.0,140469,6627,88
47212,Storm Front,978,10746,Jim Butcher,355,2000,True,3.99,294567,6559,83
7937462,The Short Second Life of Bree Tanner,979,941441,Stephenie Meyer,178,2009,True,3.5,181652,6533,98
12557,The Kitchen God's Wife,980,5246,Amy Tan,416,1991,False,4.0,76710,6529,107
53450218,The Past,981,20310792,Kenneth   Thomas,195,2020,True,4.7,839,6506,67
17889664,To Live and Die in Fantasyland,982,1280953,Ben Peller,320,2013,True,4.31,90,6499,65
8913370,Fingersmith,983,25334,Sarah Waters,592,2002,False,4.01,80902,6477,84
27822,Eugene Onegin,984,16070,Alexander Pushkin,240,1833,False,4.1,51681,6474,90
2722413,Evernight,985,1192311,Claudia Gray,327,2008,True,3.64,75360,6466,87
7824322,Between Shades of Gray,986,3407448,Ruta Sepetys,344,2011,False,4.36,164811,6464,81
43916,Magician,987,8588,Raymond E. Feist,681,1982,True,4.29,61063,6458,78
365,Dirk Gently's Holistic Detective Agency,988,4,Douglas Adams,306,1987,True,3.98,121264,6445,86
5472,Animal Farm / 1984,989,3706,George Orwell,400,1948,False,4.29,164275,6431,99
15760001,On Dublin Street,990,4167378,Samantha Young,372,2012,True,4.21,169512,6406,80
243705,The Collector,991,10039,John Fowles,283,1963,False,3.98,57118,6404,98
2355575,Cry Wolf,992,40563,Patricia Briggs,294,2008,True,4.12,87306,6403,86
11557,Swan Song,993,5244478,Robert R. McCammon,956,1987,False,4.28,55794,6399,78
31338,Memnoch the Devil,994,7577,Anne Rice,354,1995,True,3.75,74937,6393,91
105992,Helter Skelter: The True Story of the Manson Murders,995,28828,Vincent Bugliosi,689,1974,False,4.04,125494,6387,100
21484,The Winds of War,996,9020,Herman Wouk,896,1971,True,4.37,51528,6378,95
7747064,The Iron Daughter,997,2995873,Julie Kagawa,359,2010,True,4.08,116402,6374,85
30043,A River Runs Through it and Other Stories,998,16943,Norman Maclean,217,1976,False,4.18,22036,6320,89
407429,The Stinky Cheese Man and Other Fairly Stupid Tales,999,27318,Jon Scieszka,52,1992,False,4.2,91281,6309,88
40605329,The Mysterious Benedict Society,1000,47672,Trenton Lee Stewart,497,2007,True,4.17,123305,6306,79
